year,month,region,rainfall,runoff
2000,Dec.,Kagera,0.123,816.334
2000,Dec.,Lake Victoria,0.966,972.481
2000,Dec.,Simiyu,0.096,393.089
2000,Dec.,Victoria Nile,,744.105
2000,Nov.,Kagera,1.415,1041.783
2000,Nov.,Lake Victoria,9.887,2200.189
2000,Nov.,Simiyu,1.121,498.359
2000,Nov.,Victoria Nile,,1598.86
2000,Oct.,Kagera,1.646,1564.32
2000,Oct.,Lake Victoria,3.035,1447.993
2000,Oct.,Simiyu,1.21,635.375
2000,Oct.,Victoria Nile,,1175.014
2000,Sept.,Kagera,3.584,1808.545
2000,Sept.,Lake Victoria,4.637,1434.269
2000,Sept.,Simiyu,3.435,864.41
2000,Sept.,Victoria Nile,,1412.807
2001,April,Kagera,6.323,1671.967
2001,April,Lake Victoria,6.969,1989.319
2001,April,Simiyu,4.074,314.243
2001,April,Victoria Nile,,718.826
2001,Aug.,Kagera,0.088,27.646
2001,Aug.,Lake Victoria,0.525,237.401
2001,Aug.,Simiyu,0.092,13.283
2001,Aug.,Victoria Nile,,26.294
2001,Dec.,Kagera,4.383,18.428
2001,Dec.,Lake Victoria,7.966,241.274
2001,Dec.,Simiyu,4.617,15.0
2001,Dec.,Victoria Nile,,9.382
2001,Feb.,Kagera,0.252,118.053
2001,Feb.,Lake Victoria,0.185,306.293
2001,Feb.,Simiyu,0.27,59.51
2001,Feb.,Victoria Nile,,105.657
2001,Jan.,Kagera,6.532,245.636
2001,Jan.,Lake Victoria,5.157,397.92
2001,Jan.,Simiyu,11.382,118.059
2001,Jan.,Victoria Nile,,135.065
2001,July,Kagera,0.092,36.155
2001,July,Lake Victoria,2.088,403.724
2001,July,Simiyu,0.25,17.024
2001,July,Victoria Nile,,33.138
2001,June,Kagera,0.254,44.969
2001,June,Lake Victoria,2.879,412.93
2001,June,Simiyu,0.246,21.632
2001,June,Victoria Nile,,41.289
2001,March,Kagera,1.093,130.492
2001,March,Lake Victoria,1.094,292.853
2001,March,Simiyu,0.29,52.898
2001,March,Victoria Nile,,86.597
2001,May,Kagera,4.482,267.086
2001,May,Lake Victoria,6.494,1755.369
2001,May,Simiyu,2.814,32.997
2001,May,Victoria Nile,,332.277
2001,Nov.,Kagera,2.974,30.039
2001,Nov.,Lake Victoria,8.48,2391.339
2001,Nov.,Simiyu,6.435,288.793
2001,Nov.,Victoria Nile,,1025.033
2001,Oct.,Kagera,0.524,16.961
2001,Oct.,Lake Victoria,2.926,231.199
2001,Oct.,Simiyu,0.252,9.169
2001,Oct.,Victoria Nile,,22.057
2001,Sept.,Kagera,0.72,21.478
2001,Sept.,Lake Victoria,3.471,194.072
2001,Sept.,Simiyu,0.254,10.372
2001,Sept.,Victoria Nile,,169.513
2002,April,Kagera,6.455,569.888
2002,April,Lake Victoria,12.94,2595.307
2002,April,Simiyu,2.655,11.538
2002,April,Victoria Nile,,7.752
2002,Aug.,Kagera,1.06,42.771
2002,Aug.,Lake Victoria,4.697,630.093
2002,Aug.,Simiyu,0.053,54.17
2002,Aug.,Victoria Nile,,11.641
2002,Dec.,Kagera,0.375,32.173
2002,Dec.,Lake Victoria,0.656,149.666
2002,Dec.,Simiyu,0.61,28.231
2002,Dec.,Victoria Nile,,5.452
2002,Feb.,Kagera,0.13,6.765
2002,Feb.,Lake Victoria,0.155,104.908
2002,Feb.,Simiyu,0.299,14.773
2002,Feb.,Victoria Nile,,5.721
2002,Jan.,Kagera,1.805,65.728
2002,Jan.,Lake Victoria,3.202,186.679
2002,Jan.,Simiyu,4.705,139.654
2002,Jan.,Victoria Nile,,7.324
2002,July,Kagera,0.045,54.802
2002,July,Lake Victoria,0.412,343.329
2002,July,Simiyu,0.395,69.408
2002,July,Victoria Nile,,1.793
2002,June,Kagera,0.02,69.675
2002,June,Lake Victoria,1.082,433.905
2002,June,Simiyu,0.265,88.245
2002,June,Victoria Nile,,2.203
2002,March,Kagera,3.157,49.5
2002,March,Lake Victoria,5.257,152.357
2002,March,Simiyu,4.341,252.567
2002,March,Victoria Nile,,4.712
2002,May,Kagera,1.155,856.549
2002,May,Lake Victoria,6.173,2399.329
2002,May,Simiyu,7.199,1411.182
2002,May,Victoria Nile,,72.696
2002,Nov.,Kagera,2.322,24.73
2002,Nov.,Lake Victoria,3.87,258.046
2002,Nov.,Simiyu,4.839,28.56
2002,Nov.,Victoria Nile,,80.915
2002,Oct.,Kagera,3.32,26.261
2002,Oct.,Lake Victoria,12.24,186.145
2002,Oct.,Simiyu,0.882,33.261
2002,Oct.,Victoria Nile,,206.751
2002,Sept.,Kagera,1.034,33.388
2002,Sept.,Lake Victoria,5.234,236.119
2002,Sept.,Simiyu,0.47,42.287
2002,Sept.,Victoria Nile,,6.647
2003,April,Kagera,4.336,78.888
2003,April,Lake Victoria,2.304,364.632
2003,April,Simiyu,10.559,778.762
2003,April,Victoria Nile,,5.267
2003,Aug.,Kagera,0.234,2.337
2003,Aug.,Lake Victoria,0.201,355.257
2003,Aug.,Simiyu,0.208,3.093
2003,Aug.,Victoria Nile,,8.185
2003,Dec.,Kagera,1.98,8.108
2003,Dec.,Lake Victoria,1.827,285.812
2003,Dec.,Simiyu,1.517,4.563
2003,Dec.,Victoria Nile,,26.358
2003,Feb.,Kagera,0.207,10.135
2003,Feb.,Lake Victoria,0.124,175.964
2003,Feb.,Simiyu,0.091,13.353
2003,Feb.,Victoria Nile,,0.309
2003,Jan.,Kagera,7.727,191.348
2003,Jan.,Lake Victoria,6.092,1344.156
2003,Jan.,Simiyu,1.55,234.731
2003,Jan.,Victoria Nile,,1.203
2003,July,Kagera,0.19,2.971
2003,July,Lake Victoria,3.155,580.621
2003,July,Simiyu,0.553,3.83
2003,July,Victoria Nile,,40.381
2003,June,Kagera,2.262,3.814
2003,June,Lake Victoria,6.615,552.531
2003,June,Simiyu,0.034,5.008
2003,June,Victoria Nile,,133.53
2003,March,Kagera,2.288,9.444
2003,March,Lake Victoria,1.886,148.024
2003,March,Simiyu,4.11,13.725
2003,March,Victoria Nile,,0.332
2003,May,Kagera,9.235,1984.795
2003,May,Lake Victoria,17.843,5488.226
2003,May,Simiyu,16.406,1114.898
2003,May,Victoria Nile,,98.161
2003,Nov.,Kagera,5.169,1.198
2003,Nov.,Lake Victoria,5.152,206.383
2003,Nov.,Simiyu,7.707,1.487
2003,Nov.,Victoria Nile,,10.116
2003,Oct.,Kagera,1.329,1.418
2003,Oct.,Lake Victoria,1.486,217.749
2003,Oct.,Simiyu,0.416,1.849
2003,Oct.,Victoria Nile,,0.318
2003,Sept.,Kagera,1.375,1.84
2003,Sept.,Lake Victoria,0.667,288.152
2003,Sept.,Simiyu,0.102,2.338
2003,Sept.,Victoria Nile,,113.818
2004,April,Kagera,3.386,473.562
2004,April,Lake Victoria,3.856,536.638
2004,April,Simiyu,7.012,422.514
2004,April,Victoria Nile,,5.507
2004,Aug.,Kagera,1.097,0.124
2004,Aug.,Lake Victoria,5.424,212.685
2004,Aug.,Simiyu,0.395,0.16
2004,Aug.,Victoria Nile,,151.319
2004,Dec.,Kagera,1.99,1.229
2004,Dec.,Lake Victoria,5.853,206.344
2004,Dec.,Simiyu,8.113,31.87
2004,Dec.,Victoria Nile,,0.095
2004,Feb.,Kagera,7.162,21.984
2004,Feb.,Lake Victoria,6.107,107.408
2004,Feb.,Simiyu,1.386,1.176
2004,Feb.,Victoria Nile,,0.017
2004,Jan.,Kagera,1.912,2.204
2004,Jan.,Lake Victoria,1.413,114.279
2004,Jan.,Simiyu,6.224,6.264
2004,Jan.,Victoria Nile,,0.028
2004,July,Kagera,0.107,0.158
2004,July,Lake Victoria,0.13,256.796
2004,July,Simiyu,0.157,0.205
2004,July,Victoria Nile,,0.271
2004,June,Kagera,0.454,0.201
2004,June,Lake Victoria,0.275,405.413
2004,June,Simiyu,0.111,0.605
2004,June,Victoria Nile,,5.101
2004,March,Kagera,10.909,710.557
2004,March,Lake Victoria,5.996,145.405
2004,March,Simiyu,0.816,2.883
2004,March,Victoria Nile,,0.013
2004,May,Kagera,2.86,164.611
2004,May,Lake Victoria,14.348,4628.086
2004,May,Simiyu,0.874,0.529
2004,May,Victoria Nile,,348.799
2004,Nov.,Kagera,2.859,2.377
2004,Nov.,Lake Victoria,4.211,476.42
2004,Nov.,Simiyu,0.064,6.527
2004,Nov.,Victoria Nile,,196.213
2004,Oct.,Kagera,1.445,0.11
2004,Oct.,Lake Victoria,2.524,353.128
2004,Oct.,Simiyu,0.386,0.157
2004,Oct.,Victoria Nile,,278.252
2004,Sept.,Kagera,1.846,0.101
2004,Sept.,Lake Victoria,3.391,163.45
2004,Sept.,Simiyu,4.387,0.125
2004,Sept.,Victoria Nile,,4.853
2005,April,Kagera,0.247,103.005
2005,April,Lake Victoria,0.284,154.614
2005,April,Simiyu,0.235,9.437
2005,April,Victoria Nile,,0.265
2005,Aug.,Kagera,0.085,0.324
2005,Aug.,Lake Victoria,0.805,275.394
2005,Aug.,Simiyu,0.031,0.517
2005,Aug.,Victoria Nile,,21.936
2005,Dec.,Kagera,1.753,0.003
2005,Dec.,Lake Victoria,5.22,94.357
2005,Dec.,Simiyu,2.134,0.196
2005,Dec.,Victoria Nile,,0.002
2005,Feb.,Kagera,5.139,40.294
2005,Feb.,Lake Victoria,7.219,263.036
2005,Feb.,Simiyu,2.96,156.785
2005,Feb.,Victoria Nile,,0.001
2005,Jan.,Kagera,0.642,17.418
2005,Jan.,Lake Victoria,0.166,273.431
2005,Jan.,Simiyu,0.982,201.268
2005,Jan.,Victoria Nile,,0.001
2005,July,Kagera,0.4,0.009
2005,July,Lake Victoria,4.943,312.984
2005,July,Simiyu,0.124,0.662
2005,July,Victoria Nile,,0.305
2005,June,Kagera,0.277,54.867
2005,June,Lake Victoria,0.414,612.442
2005,June,Simiyu,0.053,158.413
2005,June,Victoria Nile,,84.841
2005,March,Kagera,1.898,25.888
2005,March,Lake Victoria,2.646,517.948
2005,March,Simiyu,1.173,74.217
2005,March,Victoria Nile,,0.461
2005,May,Kagera,6.104,719.523
2005,May,Lake Victoria,11.189,2845.187
2005,May,Simiyu,6.626,571.612
2005,May,Victoria Nile,,608.244
2005,Nov.,Kagera,2.133,0.003
2005,Nov.,Lake Victoria,4.759,117.135
2005,Nov.,Simiyu,1.218,0.248
2005,Nov.,Victoria Nile,,63.766
2005,Oct.,Kagera,0.43,0.467
2005,Oct.,Lake Victoria,4.241,152.065
2005,Oct.,Simiyu,0.4,0.317
2005,Oct.,Victoria Nile,,25.44
2005,Sept.,Kagera,0.158,0.031
2005,Sept.,Lake Victoria,1.88,175.451
2005,Sept.,Simiyu,0.226,0.403
2005,Sept.,Victoria Nile,,4.945
2006,April,Kagera,2.698,127.58
2006,April,Lake Victoria,5.523,237.903
2006,April,Simiyu,1.467,20.054
2006,April,Victoria Nile,,10.916
2006,Aug.,Kagera,0.331,12.444
2006,Aug.,Lake Victoria,2.2,320.252
2006,Aug.,Simiyu,0.751,0.047
2006,Aug.,Victoria Nile,,12.396
2006,Dec.,Kagera,1.976,223.526
2006,Dec.,Lake Victoria,6.963,1454.517
2006,Dec.,Simiyu,7.588,509.102
2006,Dec.,Victoria Nile,,167.039
2006,Feb.,Kagera,1.432,0.002
2006,Feb.,Lake Victoria,2.824,54.172
2006,Feb.,Simiyu,1.389,0.123
2006,Feb.,Victoria Nile,,0.0
2006,Jan.,Kagera,3.01,0.004
2006,Jan.,Lake Victoria,0.715,67.077
2006,Jan.,Simiyu,0.09,0.159
2006,Jan.,Victoria Nile,,0.0
2006,July,Kagera,0.055,15.852
2006,July,Lake Victoria,0.413,404.299
2006,July,Simiyu,0.196,0.036
2006,July,Victoria Nile,,0.328
2006,June,Kagera,0.022,20.149
2006,June,Lake Victoria,2.054,690.305
2006,June,Simiyu,0.102,0.046
2006,June,Victoria Nile,,0.636
2006,March,Kagera,4.493,9.458
2006,March,Lake Victoria,4.714,233.57
2006,March,Simiyu,9.776,64.423
2006,March,Victoria Nile,,0.161
2006,May,Kagera,3.827,139.92
2006,May,Lake Victoria,7.193,578.209
2006,May,Simiyu,3.621,8.317
2006,May,Victoria Nile,,116.114
2006,Nov.,Kagera,10.331,350.015
2006,Nov.,Lake Victoria,11.107,1819.608
2006,Nov.,Simiyu,3.905,3.7
2006,Nov.,Victoria Nile,,183.878
2006,Oct.,Kagera,2.309,7.725
2006,Oct.,Lake Victoria,8.154,433.387
2006,Oct.,Simiyu,0.168,0.017
2006,Oct.,Victoria Nile,,61.601
2006,Sept.,Kagera,0.492,9.694
2006,Sept.,Lake Victoria,0.675,375.822
2006,Sept.,Simiyu,0.347,0.022
2006,Sept.,Victoria Nile,,71.941
2007,April,Kagera,0.414,91.045
2007,April,Lake Victoria,0.528,437.471
2007,April,Simiyu,0.512,15.316
2007,April,Victoria Nile,,17.79
2007,Aug.,Kagera,0.214,15.593
2007,Aug.,Lake Victoria,6.141,1352.084
2007,Aug.,Simiyu,0.706,7.022
2007,Aug.,Victoria Nile,,377.992
2007,Dec.,Kagera,0.908,1.633
2007,Dec.,Lake Victoria,0.375,189.937
2007,Dec.,Simiyu,0.428,2.315
2007,Dec.,Victoria Nile,,2.423
2007,Feb.,Kagera,4.596,111.663
2007,Feb.,Lake Victoria,3.246,894.134
2007,Feb.,Simiyu,2.843,131.043
2007,Feb.,Victoria Nile,,26.89
2007,Jan.,Kagera,0.452,193.842
2007,Jan.,Lake Victoria,1.967,979.534
2007,Jan.,Simiyu,2.867,102.887
2007,Jan.,Victoria Nile,,34.203
2007,July,Kagera,0.75,1.533
2007,July,Lake Victoria,1.037,568.233
2007,July,Simiyu,0.386,6.247
2007,July,Victoria Nile,,9.473
2007,June,Kagera,5.142,136.67
2007,June,Lake Victoria,13.67,4596.516
2007,June,Simiyu,8.403,52.88
2007,June,Victoria Nile,,100.6
2007,March,Kagera,1.735,59.733
2007,March,Lake Victoria,2.843,545.109
2007,March,Simiyu,5.341,34.379
2007,March,Victoria Nile,,21.372
2007,May,Kagera,0.49,109.56
2007,May,Lake Victoria,4.509,499.979
2007,May,Simiyu,0.127,10.33
2007,May,Victoria Nile,,30.064
2007,Nov.,Kagera,2.364,1.21
2007,Nov.,Lake Victoria,3.637,239.409
2007,Nov.,Simiyu,2.171,2.252
2007,Nov.,Victoria Nile,,4.438
2007,Oct.,Kagera,6.146,1.281
2007,Oct.,Lake Victoria,15.029,710.612
2007,Oct.,Simiyu,0.999,2.858
2007,Oct.,Victoria Nile,,113.544
2007,Sept.,Kagera,3.975,1.748
2007,Sept.,Lake Victoria,8.004,512.271
2007,Sept.,Simiyu,1.577,3.633
2007,Sept.,Victoria Nile,,256.87
2008,April,Kagera,2.188,440.895
2008,April,Lake Victoria,0.436,414.644
2008,April,Simiyu,0.126,64.768
2008,April,Victoria Nile,,86.826
2008,Aug.,Kagera,0.579,0.062
2008,Aug.,Lake Victoria,3.812,344.405
2008,Aug.,Simiyu,0.199,0.249
2008,Aug.,Victoria Nile,,66.282
2008,Dec.,Kagera,0.393,0.074
2008,Dec.,Lake Victoria,2.441,447.077
2008,Dec.,Simiyu,1.997,111.263
2008,Dec.,Victoria Nile,,80.838
2008,Feb.,Kagera,0.113,4.191
2008,Feb.,Lake Victoria,0.634,140.957
2008,Feb.,Simiyu,0.933,11.801
2008,Feb.,Victoria Nile,,1.445
2008,Jan.,Kagera,0.636,1.302
2008,Jan.,Lake Victoria,0.509,150.322
2008,Jan.,Simiyu,0.902,1.606
2008,Jan.,Victoria Nile,,1.845
2008,July,Kagera,0.034,0.092
2008,July,Lake Victoria,0.309,284.924
2008,July,Simiyu,0.026,0.319
2008,July,Victoria Nile,,0.833
2008,June,Kagera,1.524,0.212
2008,June,Lake Victoria,2.98,385.838
2008,June,Simiyu,0.933,0.411
2008,June,Victoria Nile,,50.04
2008,March,Kagera,3.804,15.517
2008,March,Lake Victoria,1.548,103.402
2008,March,Simiyu,5.751,7.848
2008,March,Victoria Nile,,2.496
2008,May,Kagera,2.265,2.557
2008,May,Lake Victoria,4.913,353.6
2008,May,Simiyu,0.25,0.547
2008,May,Victoria Nile,,0.823
2008,Nov.,Kagera,2.009,1.645
2008,Nov.,Lake Victoria,2.99,278.419
2008,Nov.,Simiyu,0.844,1.71
2008,Nov.,Victoria Nile,,167.183
2008,Oct.,Kagera,0.696,0.068
2008,Oct.,Lake Victoria,8.543,334.566
2008,Oct.,Simiyu,8.324,0.155
2008,Oct.,Victoria Nile,,84.005
2008,Sept.,Kagera,1.664,0.055
2008,Sept.,Lake Victoria,6.356,296.885
2008,Sept.,Simiyu,1.282,0.194
2008,Sept.,Victoria Nile,,104.639
2009,April,Kagera,1.379,276.896
2009,April,Lake Victoria,9.067,1667.387
2009,April,Simiyu,4.989,311.192
2009,April,Victoria Nile,,53.481
2009,Aug.,Kagera,0.103,0.007
2009,Aug.,Lake Victoria,1.475,298.526
2009,Aug.,Simiyu,0.389,0.013
2009,Aug.,Victoria Nile,,12.56
2009,Dec.,Kagera,2.267,40.664
2009,Dec.,Lake Victoria,3.546,201.46
2009,Dec.,Simiyu,0.351,3.531
2009,Dec.,Victoria Nile,,13.044
2009,Feb.,Kagera,2.88,35.266
2009,Feb.,Lake Victoria,3.091,372.064
2009,Feb.,Simiyu,3.394,67.145
2009,Feb.,Victoria Nile,,49.246
2009,Jan.,Kagera,1.256,0.925
2009,Jan.,Lake Victoria,1.166,322.878
2009,Jan.,Simiyu,2.483,23.075
2009,Jan.,Victoria Nile,,63.096
2009,July,Kagera,0.17,0.004
2009,July,Lake Victoria,3.955,693.472
2009,July,Simiyu,0.169,0.306
2009,July,Victoria Nile,,43.999
2009,June,Kagera,2.944,3.124
2009,June,Lake Victoria,6.643,1532.576
2009,June,Simiyu,5.703,40.95
2009,June,Victoria Nile,,19.396
2009,March,Kagera,2.605,25.784
2009,March,Lake Victoria,12.229,254.392
2009,March,Simiyu,11.208,28.885
2009,March,Victoria Nile,,39.349
2009,May,Kagera,3.346,99.066
2009,May,Lake Victoria,18.085,5411.223
2009,May,Simiyu,3.481,109.962
2009,May,Victoria Nile,,74.149
2009,Nov.,Kagera,5.497,0.874
2009,Nov.,Lake Victoria,3.574,247.742
2009,Nov.,Simiyu,1.341,0.39
2009,Nov.,Victoria Nile,,9.74
2009,Oct.,Kagera,1.358,0.002
2009,Oct.,Lake Victoria,1.167,183.78
2009,Oct.,Simiyu,0.032,0.008
2009,Oct.,Victoria Nile,,41.614
2009,Sept.,Kagera,0.849,0.003
2009,Sept.,Lake Victoria,1.039,233.944
2009,Sept.,Simiyu,0.116,0.01
2009,Sept.,Victoria Nile,,9.284
2010,April,Kagera,5.85,1333.626
2010,April,Lake Victoria,11.599,3310.798
2010,April,Simiyu,4.675,567.745
2010,April,Victoria Nile,,208.382
2010,Aug.,Kagera,0.2,36.615
2010,Aug.,Lake Victoria,1.673,463.178
2010,Aug.,Simiyu,0.038,0.001
2010,Aug.,Victoria Nile,,33.63
2010,Dec.,Kagera,1.686,83.937
2010,Dec.,Lake Victoria,4.601,237.326
2010,Dec.,Simiyu,6.08,0.207
2010,Dec.,Victoria Nile,,4.655
2010,Feb.,Kagera,0.148,4.865
2010,Feb.,Lake Victoria,0.279,196.759
2010,Feb.,Simiyu,0.116,1.374
2010,Feb.,Victoria Nile,,3.243
2010,Jan.,Kagera,9.289,920.382
2010,Jan.,Lake Victoria,15.081,4180.696
2010,Jan.,Simiyu,10.175,1141.776
2010,Jan.,Victoria Nile,,320.747
2010,July,Kagera,0.153,46.921
2010,July,Lake Victoria,2.276,491.27
2010,July,Simiyu,0.154,0.001
2010,July,Victoria Nile,,1.791
2010,June,Kagera,0.263,59.653
2010,June,Lake Victoria,1.012,616.145
2010,June,Simiyu,0.258,0.031
2010,June,Victoria Nile,,1.244
2010,March,Kagera,5.614,1134.053
2010,March,Lake Victoria,13.662,3615.21
2010,March,Simiyu,0.958,183.169
2010,March,Victoria Nile,,133.432
2010,May,Kagera,8.852,3027.686
2010,May,Lake Victoria,10.518,3275.131
2010,May,Simiyu,1.857,0.661
2010,May,Victoria Nile,,1083.105
2010,Nov.,Kagera,1.943,24.048
2010,Nov.,Lake Victoria,4.69,200.816
2010,Nov.,Simiyu,1.522,0.0
2010,Nov.,Victoria Nile,,23.341
2010,Oct.,Kagera,0.311,22.667
2010,Oct.,Lake Victoria,2.294,239.886
2010,Oct.,Simiyu,0.21,0.004
2010,Oct.,Victoria Nile,,8.487
2010,Sept.,Kagera,0.333,28.575
2010,Sept.,Lake Victoria,2.806,347.372
2010,Sept.,Simiyu,0.906,0.001
2010,Sept.,Victoria Nile,,151.184
2011,April,Kagera,5.909,968.042
2011,April,Lake Victoria,7.266,1847.278
2011,April,Simiyu,3.761,184.712
2011,April,Victoria Nile,,3.368
2011,Aug.,Kagera,0.21,2.021
2011,Aug.,Lake Victoria,2.667,452.395
2011,Aug.,Simiyu,0.154,0.0
2011,Aug.,Victoria Nile,,102.448
2011,Dec.,Kagera,1.613,467.837
2011,Dec.,Lake Victoria,4.398,1681.41
2011,Dec.,Simiyu,7.123,859.141
2011,Dec.,Victoria Nile,,240.057
2011,Feb.,Kagera,5.952,23.918
2011,Feb.,Lake Victoria,13.321,166.521
2011,Feb.,Simiyu,7.126,10.27
2011,Feb.,Victoria Nile,,2.81
2011,Jan.,Kagera,1.788,38.479
2011,Jan.,Lake Victoria,2.047,214.773
2011,Jan.,Simiyu,0.283,7.69
2011,Jan.,Victoria Nile,,3.66
2011,July,Kagera,0.14,30.39
2011,July,Lake Victoria,3.773,532.411
2011,July,Simiyu,0.104,0.3
2011,July,Victoria Nile,,35.342
2011,June,Kagera,0.109,3.579
2011,June,Lake Victoria,2.128,456.878
2011,June,Simiyu,0.25,0.013
2011,June,Victoria Nile,,27.167
2011,March,Kagera,0.567,8.752
2011,March,Lake Victoria,0.327,75.964
2011,March,Simiyu,0.194,0.653
2011,March,Victoria Nile,,2.3
2011,May,Kagera,3.575,301.982
2011,May,Lake Victoria,10.1,2738.749
2011,May,Simiyu,7.831,38.153
2011,May,Victoria Nile,,633.195
2011,Nov.,Kagera,0.841,35.812
2011,Nov.,Lake Victoria,3.476,527.235
2011,Nov.,Simiyu,0.392,1.641
2011,Nov.,Victoria Nile,,1380.494
2011,Oct.,Kagera,4.344,11.39
2011,Oct.,Lake Victoria,6.844,549.508
2011,Oct.,Simiyu,12.61,13.962
2011,Oct.,Victoria Nile,,245.141
2011,Sept.,Kagera,3.993,2.721
2011,Sept.,Lake Victoria,6.127,532.012
2011,Sept.,Simiyu,0.109,0.0
2011,Sept.,Victoria Nile,,1812.792
2012,April,Kagera,3.387,328.52
2012,April,Lake Victoria,9.41,1030.109
2012,April,Simiyu,3.437,18.388
2012,April,Victoria Nile,,94.034
2012,Aug.,Kagera,0.143,0.123
2012,Aug.,Lake Victoria,5.263,528.824
2012,Aug.,Simiyu,0.784,15.597
2012,Aug.,Victoria Nile,,68.854
2012,Dec.,Kagera,0.383,41.155
2012,Dec.,Lake Victoria,0.143,649.437
2012,Dec.,Simiyu,0.191,43.436
2012,Dec.,Victoria Nile,,68.965
2012,Feb.,Kagera,0.174,0.785
2012,Feb.,Lake Victoria,0.241,467.915
2012,Feb.,Simiyu,0.061,0.298
2012,Feb.,Victoria Nile,,117.216
2012,Jan.,Kagera,0.458,0.585
2012,Jan.,Lake Victoria,0.23,599.497
2012,Jan.,Simiyu,0.327,0.005
2012,Jan.,Victoria Nile,,150.174
2012,July,Kagera,0.142,0.143
2012,July,Lake Victoria,2.934,752.257
2012,July,Simiyu,0.156,20.292
2012,July,Victoria Nile,,38.419
2012,June,Kagera,0.197,0.203
2012,June,Lake Victoria,1.892,701.995
2012,June,Simiyu,0.244,25.712
2012,June,Victoria Nile,,45.009
2012,March,Kagera,12.006,1217.688
2012,March,Lake Victoria,11.011,885.841
2012,March,Simiyu,6.533,362.728
2012,March,Victoria Nile,,92.926
2012,May,Kagera,3.626,128.743
2012,May,Lake Victoria,8.065,2414.359
2012,May,Simiyu,7.782,594.783
2012,May,Victoria Nile,,159.994
2012,Nov.,Kagera,8.968,247.463
2012,Nov.,Lake Victoria,15.818,4935.878
2012,Nov.,Simiyu,5.788,154.622
2012,Nov.,Victoria Nile,,3359.848
2012,Oct.,Kagera,0.802,0.08
2012,Oct.,Lake Victoria,1.737,318.49
2012,Oct.,Simiyu,0.151,9.717
2012,Oct.,Victoria Nile,,100.516
2012,Sept.,Kagera,1.365,4.284
2012,Sept.,Lake Victoria,3.322,519.32
2012,Sept.,Simiyu,0.42,12.17
2012,Sept.,Victoria Nile,,469.556
2013,April,Kagera,1.101,411.906
2013,April,Lake Victoria,6.945,2998.293
2013,April,Simiyu,6.278,584.825
2013,April,Victoria Nile,,355.634
2013,Aug.,Kagera,0.226,0.006
2013,Aug.,Lake Victoria,2.251,526.989
2013,Aug.,Simiyu,0.043,5.488
2013,Aug.,Victoria Nile,,59.3
2013,Dec.,Kagera,1.066,0.629
2013,Dec.,Lake Victoria,2.172,201.509
2013,Dec.,Simiyu,3.155,15.007
2013,Dec.,Victoria Nile,,0.598
2013,Feb.,Kagera,3.807,30.344
2013,Feb.,Lake Victoria,20.059,3789.189
2013,Feb.,Simiyu,6.05,38.922
2013,Feb.,Victoria Nile,,10.806
2013,Jan.,Kagera,2.435,23.919
2013,Jan.,Lake Victoria,0.632,668.83
2013,Jan.,Simiyu,4.071,157.581
2013,Jan.,Victoria Nile,,8.045
2013,July,Kagera,0.255,0.007
2013,July,Lake Victoria,2.387,536.897
2013,July,Simiyu,0.262,7.033
2013,July,Victoria Nile,,4.649
2013,June,Kagera,0.934,0.009
2013,June,Lake Victoria,1.238,682.525
2013,June,Simiyu,0.082,8.941
2013,June,Victoria Nile,,2.443
2013,March,Kagera,0.34,1.901
2013,March,Lake Victoria,0.207,318.694
2013,March,Simiyu,0.221,3.881
2013,March,Victoria Nile,,5.85
2013,May,Kagera,5.533,730.107
2013,May,Lake Victoria,10.836,3586.94
2013,May,Simiyu,0.451,11.723
2013,May,Victoria Nile,,907.13
2013,Nov.,Kagera,2.763,0.215
2013,Nov.,Lake Victoria,1.473,242.589
2013,Nov.,Simiyu,1.525,2.763
2013,Nov.,Victoria Nile,,73.807
2013,Oct.,Kagera,1.495,0.003
2013,Oct.,Lake Victoria,3.029,710.03
2013,Oct.,Simiyu,3.263,3.369
2013,Oct.,Victoria Nile,,293.375
2013,Sept.,Kagera,5.266,0.004
2013,Sept.,Lake Victoria,4.43,383.119
2013,Sept.,Simiyu,5.001,4.283
2013,Sept.,Victoria Nile,,52.722
2014,April,Kagera,16.452,1829.733
2014,April,Lake Victoria,12.133,1312.623
2014,April,Simiyu,3.699,51.097
2014,April,Victoria Nile,,0.247
2014,Aug.,Kagera,0.192,0.15
2014,Aug.,Lake Victoria,1.222,136.006
2014,Aug.,Simiyu,0.113,0.3
2014,Aug.,Victoria Nile,,0.923
2014,Dec.,Kagera,2.913,135.132
2014,Dec.,Lake Victoria,7.665,2313.835
2014,Dec.,Simiyu,10.075,277.052
2014,Dec.,Victoria Nile,,366.44
2014,Feb.,Kagera,3.372,0.184
2014,Feb.,Lake Victoria,1.805,132.014
2014,Feb.,Simiyu,0.504,1.316
2014,Feb.,Victoria Nile,,0.338
2014,Jan.,Kagera,1.243,19.823
2014,Jan.,Lake Victoria,7.851,2233.917
2014,Jan.,Simiyu,2.747,171.957
2014,Jan.,Victoria Nile,,0.433
2014,July,Kagera,0.138,0.0
2014,July,Lake Victoria,0.61,162.593
2014,July,Simiyu,0.143,0.379
2014,July,Victoria Nile,,0.121
2014,June,Kagera,0.388,0.003
2014,June,Lake Victoria,1.837,313.694
2014,June,Simiyu,0.262,0.483
2014,June,Victoria Nile,,0.225
2014,March,Kagera,0.102,3.112
2014,March,Lake Victoria,0.776,107.645
2014,March,Simiyu,0.302,1.487
2014,March,Victoria Nile,,0.285
2014,May,Kagera,0.46,0.075
2014,May,Lake Victoria,3.809,86.937
2014,May,Simiyu,0.105,0.625
2014,May,Victoria Nile,,0.569
2014,Nov.,Kagera,0.953,2.795
2014,Nov.,Lake Victoria,2.157,407.075
2014,Nov.,Simiyu,0.394,0.235
2014,Nov.,Victoria Nile,,12.707
2014,Oct.,Kagera,3.257,0.607
2014,Oct.,Lake Victoria,4.731,237.963
2014,Oct.,Simiyu,6.878,0.21
2014,Oct.,Victoria Nile,,19.267
2014,Sept.,Kagera,1.875,86.028
2014,Sept.,Lake Victoria,4.649,994.009
2014,Sept.,Simiyu,0.45,0.234
2014,Sept.,Victoria Nile,,390.548
2015,April,Kagera,6.38,583.119
2015,April,Lake Victoria,10.113,1968.771
2015,April,Simiyu,4.931,99.991
2015,April,Victoria Nile,,34.717
2015,Aug.,Kagera,0.282,0.0
2015,Aug.,Lake Victoria,2.597,443.945
2015,Aug.,Simiyu,0.994,0.084
2015,Aug.,Victoria Nile,,23.287
2015,Dec.,Kagera,0.973,117.698
2015,Dec.,Lake Victoria,2.279,557.881
2015,Dec.,Simiyu,2.714,5.453
2015,Dec.,Victoria Nile,,183.237
2015,Feb.,Kagera,0.425,0.022
2015,Feb.,Lake Victoria,0.264,230.908
2015,Feb.,Simiyu,1.175,0.097
2015,Feb.,Victoria Nile,,0.018
2015,Jan.,Kagera,0.84,56.329
2015,Jan.,Lake Victoria,1.855,296.074
2015,Jan.,Simiyu,1.379,6.609
2015,Jan.,Victoria Nile,,0.023
2015,July,Kagera,0.536,0.0
2015,July,Lake Victoria,1.116,435.65
2015,July,Simiyu,0.027,0.021
2015,July,Victoria Nile,,0.056
2015,June,Kagera,1.935,0.01
2015,June,Lake Victoria,9.752,2600.597
2015,June,Simiyu,0.489,0.055
2015,June,Victoria Nile,,22.398
2015,March,Kagera,0.833,1.594
2015,March,Lake Victoria,0.485,186.354
2015,March,Simiyu,0.338,0.101
2015,March,Victoria Nile,,0.025
2015,May,Kagera,1.836,196.343
2015,May,Lake Victoria,6.286,1954.855
2015,May,Simiyu,2.192,222.797
2015,May,Victoria Nile,,38.947
2015,Nov.,Kagera,2.653,1.853
2015,Nov.,Lake Victoria,6.66,1525.962
2015,Nov.,Simiyu,8.156,47.527
2015,Nov.,Victoria Nile,,1359.596
2015,Oct.,Kagera,3.041,0.003
2015,Oct.,Lake Victoria,8.415,248.786
2015,Oct.,Simiyu,3.46,0.011
2015,Oct.,Victoria Nile,,8.786
2015,Sept.,Kagera,2.405,0.0
2015,Sept.,Lake Victoria,6.381,290.841
2015,Sept.,Simiyu,0.123,0.012
2015,Sept.,Victoria Nile,,0.143
2016,April,Kagera,17.529,1716.925
2016,April,Lake Victoria,22.771,2483.891
2016,April,Simiyu,16.017,657.011
2016,April,Victoria Nile,,28.351
2016,Aug.,Kagera,0.219,0.0
2016,Aug.,Lake Victoria,0.297,252.868
2016,Aug.,Simiyu,0.06,0.001
2016,Aug.,Victoria Nile,,2.035
2016,Dec.,Kagera,0.385,75.227
2016,Dec.,Lake Victoria,5.093,494.747
2016,Dec.,Simiyu,4.175,23.18
2016,Dec.,Victoria Nile,,1.82
2016,Feb.,Kagera,0.7,0.033
2016,Feb.,Lake Victoria,0.855,319.276
2016,Feb.,Simiyu,3.67,1.055
2016,Feb.,Victoria Nile,,0.001
2016,Jan.,Kagera,0.09,0.07
2016,Jan.,Lake Victoria,0.221,410.276
2016,Jan.,Simiyu,0.377,0.603
2016,Jan.,Victoria Nile,,0.005
2016,July,Kagera,0.331,0.0
2016,July,Lake Victoria,1.054,307.972
2016,July,Simiyu,0.2,0.001
2016,July,Victoria Nile,,0.029
2016,June,Kagera,0.175,0.0
2016,June,Lake Victoria,0.513,391.897
2016,June,Simiyu,0.01,0.001
2016,June,Victoria Nile,,0.174
2016,March,Kagera,0.797,0.554
2016,March,Lake Victoria,0.609,254.161
2016,March,Simiyu,0.323,0.812
2016,March,Victoria Nile,,0.013
2016,May,Kagera,3.718,832.562
2016,May,Lake Victoria,11.018,3569.624
2016,May,Simiyu,8.43,1430.984
2016,May,Victoria Nile,,511.55
2016,Nov.,Kagera,8.806,0.273
2016,Nov.,Lake Victoria,3.68,116.404
2016,Nov.,Simiyu,10.581,0.297
2016,Nov.,Victoria Nile,,0.237
2016,Oct.,Kagera,7.912,0.009
2016,Oct.,Lake Victoria,4.994,206.987
2016,Oct.,Simiyu,3.97,0.012
2016,Oct.,Victoria Nile,,12.486
2016,Sept.,Kagera,0.177,0.0
2016,Sept.,Lake Victoria,0.469,187.74
2016,Sept.,Simiyu,0.094,0.001
2016,Sept.,Victoria Nile,,0.11
2017,April,Kagera,2.328,134.82
2017,April,Lake Victoria,2.008,204.556
2017,April,Simiyu,0.152,2.014
2017,April,Victoria Nile,,0.37
2017,Aug.,Kagera,1.112,0.0
2017,Aug.,Lake Victoria,3.058,229.227
2017,Aug.,Simiyu,0.111,0.0
2017,Aug.,Victoria Nile,,81.17
2017,Dec.,Kagera,0.405,7.056
2017,Dec.,Lake Victoria,5.825,1060.44
2017,Dec.,Simiyu,3.806,1.412
2017,Dec.,Victoria Nile,,1.851
2017,Feb.,Kagera,1.482,0.902
2017,Feb.,Lake Victoria,5.101,183.162
2017,Feb.,Simiyu,1.787,2.357
2017,Feb.,Victoria Nile,,0.0
2017,Jan.,Kagera,2.828,0.052
2017,Jan.,Lake Victoria,6.04,97.234
2017,Jan.,Simiyu,1.406,2.863
2017,Jan.,Victoria Nile,,0.0
2017,July,Kagera,0.021,0.0
2017,July,Lake Victoria,0.92,266.148
2017,July,Simiyu,0.194,0.0
2017,July,Victoria Nile,,0.175
2017,June,Kagera,0.12,0.0
2017,June,Lake Victoria,1.836,286.744
2017,June,Simiyu,0.027,0.0
2017,June,Victoria Nile,,0.021
2017,March,Kagera,4.145,36.544
2017,March,Lake Victoria,8.465,700.39
2017,March,Simiyu,3.239,30.145
2017,March,Victoria Nile,,0.024
2017,May,Kagera,4.094,77.76
2017,May,Lake Victoria,14.321,4547.758
2017,May,Simiyu,6.853,22.251
2017,May,Victoria Nile,,69.981
2017,Nov.,Kagera,0.179,0.12
2017,Nov.,Lake Victoria,0.402,104.384
2017,Nov.,Simiyu,0.15,0.841
2017,Nov.,Victoria Nile,,2.492
2017,Oct.,Kagera,0.899,0.004
2017,Oct.,Lake Victoria,2.75,122.52
2017,Oct.,Simiyu,0.291,0.1
2017,Oct.,Victoria Nile,,7.592
2017,Sept.,Kagera,1.69,0.0
2017,Sept.,Lake Victoria,10.894,1336.878
2017,Sept.,Simiyu,0.447,0.0
2017,Sept.,Victoria Nile,,991.86
2018,April,Kagera,6.223,152.694
2018,April,Lake Victoria,5.8,263.923
2018,April,Simiyu,7.333,16.441
2018,April,Victoria Nile,,2.581
2018,Aug.,Kagera,1.323,64.16
2018,Aug.,Lake Victoria,7.423,479.873
2018,Aug.,Simiyu,1.065,9.533
2018,Aug.,Victoria Nile,,12.425
2018,Dec.,Kagera,2.37,24.561
2018,Dec.,Lake Victoria,1.118,149.17
2018,Dec.,Simiyu,1.835,3.695
2018,Dec.,Victoria Nile,,0.332
2018,Feb.,Kagera,0.046,0.0
2018,Feb.,Lake Victoria,0.244,91.66
2018,Feb.,Simiyu,0.029,0.075
2018,Feb.,Victoria Nile,,0.016
2018,Jan.,Kagera,1.229,0.8
2018,Jan.,Lake Victoria,4.783,144.813
2018,Jan.,Simiyu,1.805,32.258
2018,Jan.,Victoria Nile,,0.0
2018,July,Kagera,0.064,81.946
2018,July,Lake Victoria,1.405,590.362
2018,July,Simiyu,0.13,12.175
2018,July,Victoria Nile,,0.008
2018,June,Kagera,0.19,104.183
2018,June,Lake Victoria,2.739,662.509
2018,June,Simiyu,0.075,15.478
2018,June,Victoria Nile,,0.629
2018,March,Kagera,5.688,20.004
2018,March,Lake Victoria,13.828,1766.451
2018,March,Simiyu,1.67,94.566
2018,March,Victoria Nile,,4.906
2018,May,Kagera,3.795,414.58
2018,May,Lake Victoria,11.101,3754.558
2018,May,Simiyu,0.335,74.012
2018,May,Victoria Nile,,2199.036
2018,Nov.,Kagera,3.875,33.096
2018,Nov.,Lake Victoria,5.83,221.769
2018,Nov.,Simiyu,1.398,4.551
2018,Nov.,Victoria Nile,,0.106
2018,Oct.,Kagera,0.167,39.263
2018,Oct.,Lake Victoria,0.732,239.752
2018,Oct.,Simiyu,0.43,5.832
2018,Oct.,Victoria Nile,,0.314
2018,Sept.,Kagera,0.081,57.651
2018,Sept.,Lake Victoria,2.6,467.192
2018,Sept.,Simiyu,0.068,7.545
2018,Sept.,Victoria Nile,,117.619
2019,April,Kagera,4.817,60.862
2019,April,Lake Victoria,3.134,86.705
2019,April,Simiyu,8.406,97.824
2019,April,Victoria Nile,,0.11
2019,Aug.,Kagera,1.109,3.452
2019,Aug.,Lake Victoria,1.709,187.474
2019,Aug.,Simiyu,0.153,0.512
2019,Aug.,Victoria Nile,,0.193
2019,Dec.,Kagera,2.945,185.187
2019,Dec.,Lake Victoria,11.053,3227.697
2019,Dec.,Simiyu,7.402,724.176
2019,Dec.,Victoria Nile,,108.343
2019,Feb.,Kagera,0.166,14.72
2019,Feb.,Lake Victoria,0.302,89.373
2019,Feb.,Simiyu,0.125,2.272
2019,Feb.,Victoria Nile,,0.005
2019,Jan.,Kagera,0.852,19.016
2019,Jan.,Lake Victoria,1.223,114.813
2019,Jan.,Simiyu,1.506,2.979
2019,Jan.,Victoria Nile,,0.0
2019,July,Kagera,0.167,4.421
2019,July,Lake Victoria,0.607,472.628
2019,July,Simiyu,0.083,0.657
2019,July,Victoria Nile,,16.279
2019,June,Kagera,4.417,21.847
2019,June,Lake Victoria,5.615,961.334
2019,June,Simiyu,2.345,0.836
2019,June,Victoria Nile,,6.968
2019,March,Kagera,0.569,13.047
2019,March,Lake Victoria,1.471,71.849
2019,March,Simiyu,0.056,1.864
2019,March,Victoria Nile,,0.0
2019,May,Kagera,3.278,309.587
2019,May,Lake Victoria,1.092,406.027
2019,May,Simiyu,0.238,27.258
2019,May,Victoria Nile,,1.194
2019,Nov.,Kagera,2.003,35.132
2019,Nov.,Lake Victoria,5.285,1196.17
2019,Nov.,Simiyu,0.307,1.215
2019,Nov.,Victoria Nile,,239.823
2019,Oct.,Kagera,1.31,2.434
2019,Oct.,Lake Victoria,9.214,2123.547
2019,Oct.,Simiyu,3.518,0.321
2019,Oct.,Victoria Nile,,280.041
2019,Sept.,Kagera,3.146,6.234
2019,Sept.,Lake Victoria,3.204,688.122
2019,Sept.,Simiyu,6.532,0.401
2019,Sept.,Victoria Nile,,61.408
2020,April,Kagera,3.171,694.3
2020,April,Lake Victoria,3.81,590.378
2020,April,Simiyu,6.801,590.378
2020,April,Victoria Nile,,950.532
2020,Aug.,Kagera,1.634,1.239
2020,Aug.,Lake Victoria,8.012,1.445
2020,Aug.,Simiyu,0.727,1.445
2020,Aug.,Victoria Nile,,669.743
2020,Dec.,Kagera,2.122,4.369
2020,Dec.,Lake Victoria,6.186,74.111
2020,Dec.,Simiyu,8.925,74.111
2020,Dec.,Victoria Nile,,559.648
2020,Feb.,Kagera,7.685,70.793
2020,Feb.,Lake Victoria,6.638,7.899
2020,Feb.,Simiyu,1.5,7.899
2020,Feb.,Victoria Nile,,427.793
2020,Jan.,Kagera,2.138,6.389
2020,Jan.,Lake Victoria,1.765,21.353
2020,Jan.,Simiyu,6.538,21.353
2020,Jan.,Victoria Nile,,364.582
2020,July,Kagera,0.209,1.329
2020,July,Lake Victoria,0.178,1.852
2020,July,Simiyu,0.2,1.852
2020,July,Victoria Nile,,337.572
2020,June,Kagera,0.486,1.673
2020,June,Lake Victoria,0.3,3.67
2020,June,Simiyu,0.181,3.67
2020,June,Victoria Nile,,566.752
2020,March,Kagera,11.536,1547.162
2020,March,Lake Victoria,6.881,14.325
2020,March,Simiyu,0.926,14.325
2020,March,Victoria Nile,,472.257
2020,May,Kagera,2.78,194.105
2020,May,Lake Victoria,13.832,3.635
2020,May,Simiyu,0.887,3.635
2020,May,Victoria Nile,,4600.79
2020,Nov.,Kagera,2.941,36.951
2020,Nov.,Lake Victoria,4.177,24.777
2020,Nov.,Simiyu,0.066,24.777
2020,Nov.,Victoria Nile,,936.881
2020,Oct.,Kagera,1.519,27.036
2020,Oct.,Lake Victoria,2.796,2.644
2020,Oct.,Simiyu,0.441,2.644
2020,Oct.,Victoria Nile,,829.358
2020,Sept.,Kagera,2.253,1.227
2020,Sept.,Lake Victoria,4.049,1.209
2020,Sept.,Simiyu,6.098,1.209
2020,Sept.,Victoria Nile,,305.357
2021,April,Kagera,0.231,128.98
2021,April,Lake Victoria,0.281,28.763
2021,April,Simiyu,0.228,28.763
2021,April,Victoria Nile,,409.718
2021,Aug.,Kagera,0.127,2.793
2021,Aug.,Lake Victoria,1.188,7.628
2021,Aug.,Simiyu,0.058,7.628
2021,Aug.,Victoria Nile,,698.311
2021,Dec.,Kagera,1.87,3.144
2021,Dec.,Lake Victoria,5.517,2.841
2021,Dec.,Simiyu,2.348,2.841
2021,Dec.,Victoria Nile,,195.018
2021,Feb.,Kagera,5.514,99.292
2021,Feb.,Lake Victoria,7.847,231.333
2021,Feb.,Simiyu,3.204,231.333
2021,Feb.,Victoria Nile,,614.659
2021,Jan.,Kagera,0.717,51.562
2021,Jan.,Lake Victoria,0.208,371.771
2021,Jan.,Simiyu,1.032,371.771
2021,Jan.,Victoria Nile,,726.719
2021,July,Kagera,0.776,1.529
2021,July,Lake Victoria,6.745,9.579
2021,July,Simiyu,0.158,9.579
2021,July,Victoria Nile,,506.455
2021,June,Kagera,0.297,67.448
2021,June,Lake Victoria,0.452,190.223
2021,June,Simiyu,0.086,190.223
2021,June,Victoria Nile,,817.133
2021,March,Kagera,2.007,72.54
2021,March,Lake Victoria,3.037,116.777
2021,March,Simiyu,1.331,116.777
2021,March,Victoria Nile,,880.004
2021,May,Kagera,5.933,805.212
2021,May,Lake Victoria,10.786,671.154
2021,May,Simiyu,6.726,671.154
2021,May,Victoria Nile,,2950.99
2021,Nov.,Kagera,2.195,1.181
2021,Nov.,Lake Victoria,4.721,3.586
2021,Nov.,Simiyu,1.254,3.586
2021,Nov.,Victoria Nile,,239.128
2021,Oct.,Kagera,0.452,17.69
2021,Oct.,Lake Victoria,4.697,4.607
2021,Oct.,Simiyu,0.456,4.607
2021,Oct.,Victoria Nile,,333.43
2021,Sept.,Kagera,0.192,1.231
2021,Sept.,Lake Victoria,2.245,5.847
2021,Sept.,Simiyu,0.314,5.847
2021,Sept.,Victoria Nile,,341.779
2022,April,Kagera,2.527,176.478
2022,April,Lake Victoria,5.457,46.288
2022,April,Simiyu,1.423,46.288
2022,April,Victoria Nile,,474.862
2022,Aug.,Kagera,0.493,27.839
2022,Aug.,Lake Victoria,3.249,0.699
2022,Aug.,Simiyu,1.383,0.699
2022,Aug.,Victoria Nile,,567.961
2022,Dec.,Kagera,2.107,303.542
2022,Dec.,Lake Victoria,7.36,682.708
2022,Dec.,Simiyu,8.347,682.708
2022,Dec.,Victoria Nile,,2063.458
2022,Feb.,Kagera,1.537,0.862
2022,Feb.,Lake Victoria,3.07,2.679
2022,Feb.,Simiyu,1.503,2.679
2022,Feb.,Victoria Nile,,132.219
2022,Jan.,Kagera,3.365,1.226
2022,Jan.,Lake Victoria,0.894,2.255
2022,Jan.,Simiyu,0.095,2.255
2022,Jan.,Victoria Nile,,134.256
2022,July,Kagera,0.106,34.919
2022,July,Lake Victoria,0.563,0.526
2022,July,Simiyu,0.249,0.526
2022,July,Victoria Nile,,534.143
2022,June,Kagera,0.023,43.953
2022,June,Lake Victoria,2.24,0.672
2022,June,Simiyu,0.167,0.672
2022,June,Victoria Nile,,811.604
2022,March,Kagera,4.752,83.331
2022,March,Lake Victoria,5.409,149.767
2022,March,Simiyu,11.096,149.767
2022,March,Victoria Nile,,565.984
2022,May,Kagera,3.72,151.768
2022,May,Lake Victoria,6.934,11.85
2022,May,Simiyu,3.676,11.85
2022,May,Victoria Nile,,697.979
2022,Nov.,Kagera,10.631,761.748
2022,Nov.,Lake Victoria,11.019,4.443
2022,Nov.,Simiyu,4.022,4.443
2022,Nov.,Victoria Nile,,2450.873
2022,Oct.,Kagera,2.427,28.103
2022,Oct.,Lake Victoria,9.03,0.247
2022,Oct.,Simiyu,0.192,0.247
2022,Oct.,Victoria Nile,,1382.109
2022,Sept.,Kagera,0.601,53.476
2022,Sept.,Lake Victoria,0.806,2.103
2022,Sept.,Simiyu,0.482,2.103
2022,Sept.,Victoria Nile,,655.85
2023,April,Kagera,0.387,161.275
2023,April,Lake Victoria,0.522,44.181
2023,April,Simiyu,0.496,44.181
2023,April,Victoria Nile,,726.28
2023,Aug.,Kagera,0.319,273.825
2023,Aug.,Lake Victoria,9.07,56.111
2023,Aug.,Simiyu,1.301,56.111
2023,Aug.,Victoria Nile,,2837.02
2023,Dec.,Kagera,0.968,23.195
2023,Dec.,Lake Victoria,0.396,9.29
2023,Dec.,Simiyu,0.471,9.29
2023,Dec.,Victoria Nile,,462.974
2023,Feb.,Kagera,4.931,242.611
2023,Feb.,Lake Victoria,3.529,194.884
2023,Feb.,Simiyu,3.077,194.884
2023,Feb.,Victoria Nile,,1303.479
2023,Jan.,Kagera,0.505,313.432
2023,Jan.,Lake Victoria,2.457,157.4
2023,Jan.,Simiyu,3.012,157.4
2023,Jan.,Victoria Nile,,1437.526
2023,July,Kagera,1.455,35.954
2023,July,Lake Victoria,1.414,28.983
2023,July,Simiyu,0.491,28.983
2023,July,Victoria Nile,,759.579
2023,June,Kagera,5.512,219.708
2023,June,Lake Victoria,14.907,345.758
2023,June,Simiyu,13.74,345.758
2023,June,Victoria Nile,,5544.254
2023,March,Kagera,1.835,184.052
2023,March,Lake Victoria,3.263,83.483
2023,March,Simiyu,6.062,83.483
2023,March,Victoria Nile,,941.269
2023,May,Kagera,0.476,173.215
2023,May,Lake Victoria,4.346,32.78
2023,May,Simiyu,0.129,32.78
2023,May,Victoria Nile,,689.775
2023,Nov.,Kagera,2.432,15.031
2023,Nov.,Lake Victoria,3.608,10.691
2023,Nov.,Simiyu,2.236,10.691
2023,Nov.,Victoria Nile,,587.242
2023,Oct.,Kagera,6.46,41.064
2023,Oct.,Lake Victoria,16.645,13.569
2023,Oct.,Simiyu,1.14,13.569
2023,Oct.,Victoria Nile,,1666.753
2023,Sept.,Kagera,4.851,46.072
2023,Sept.,Lake Victoria,9.556,17.358
2023,Sept.,Simiyu,2.192,17.358
2023,Sept.,Victoria Nile,,3027.765
2024,April,Kagera,2.049,535.447
2024,April,Lake Victoria,0.431,88.472
2024,April,Simiyu,0.122,88.472
2024,April,Victoria Nile,,793.446
2024,Aug.,Kagera,0.862,18.577
2024,Aug.,Lake Victoria,5.631,3.487
2024,Aug.,Simiyu,0.367,3.487
2024,Aug.,Victoria Nile,,1048.128
2024,Dec.,Kagera,0.42,7.172
2024,Dec.,Lake Victoria,2.581,138.72
2024,Dec.,Simiyu,2.197,138.72
2024,Dec.,Victoria Nile,,888.29
2024,Feb.,Kagera,0.121,14.849
2024,Feb.,Lake Victoria,0.689,24.05
2024,Feb.,Simiyu,1.01,24.05
2024,Feb.,Victoria Nile,,458.227
2024,Jan.,Kagera,0.711,10.055
2024,Jan.,Lake Victoria,0.636,6.884
2024,Jan.,Simiyu,0.948,6.884
2024,Jan.,Victoria Nile,,385.662
2024,July,Kagera,0.066,24.058
2024,July,Lake Victoria,0.421,4.475
2024,July,Simiyu,0.033,4.475
2024,July,Victoria Nile,,453.423
2024,June,Kagera,1.633,30.645
2024,June,Lake Victoria,3.25,5.753
2024,June,Simiyu,1.526,5.753
2024,June,Victoria Nile,,524.806
2024,March,Kagera,4.022,27.885
2024,March,Lake Victoria,1.777,19.842
2024,March,Simiyu,6.527,19.842
2024,March,Victoria Nile,,331.081
2024,May,Kagera,2.202,48.531
2024,May,Lake Victoria,4.736,7.321
2024,May,Simiyu,0.254,7.321
2024,May,Victoria Nile,,572.706
2024,Nov.,Kagera,2.067,34.088
2024,Nov.,Lake Victoria,2.966,4.015
2024,Nov.,Simiyu,0.869,4.015
2024,Nov.,Victoria Nile,,771.986
2024,Oct.,Kagera,0.732,20.896
2024,Oct.,Lake Victoria,9.461,6.675
2024,Oct.,Simiyu,9.502,6.675
2024,Oct.,Victoria Nile,,1686.606
2024,Sept.,Kagera,2.031,24.713
2024,Sept.,Lake Victoria,7.589,2.745
2024,Sept.,Simiyu,1.782,2.745
2024,Sept.,Victoria Nile,,1829.509
2025,April,Kagera,1.292,405.771
2025,April,Lake Victoria,8.958,474.751
2025,April,Simiyu,4.84,474.751
2025,April,Victoria Nile,,2723.418
2025,Aug.,Kagera,0.153,8.778
2025,Aug.,Lake Victoria,2.179,4.462
2025,Aug.,Simiyu,0.716,4.462
2025,Aug.,Victoria Nile,,381.556
2025,Dec.,Kagera,2.417,83.053
2025,Dec.,Lake Victoria,3.748,9.059
2025,Dec.,Simiyu,0.386,9.059
2025,Dec.,Victoria Nile,,428.451
2025,Feb.,Kagera,3.09,120.548
2025,Feb.,Lake Victoria,3.36,86.841
2025,Feb.,Simiyu,3.674,86.841
2025,Feb.,Victoria Nile,,703.24
2025,Jan.,Kagera,1.404,10.705
2025,Jan.,Lake Victoria,1.456,44.339
2025,Jan.,Simiyu,2.608,44.339
2025,Jan.,Victoria Nile,,661.951
2025,July,Kagera,0.329,11.289
2025,July,Lake Victoria,5.397,34.485
2025,July,Simiyu,0.215,34.485
2025,July,Victoria Nile,,1388.539
2025,June,Kagera,3.156,70.132
2025,June,Lake Victoria,7.244,102.533
2025,June,Simiyu,9.325,102.533
2025,June,Victoria Nile,,1584.603
2025,March,Kagera,2.755,71.14
2025,March,Lake Victoria,14.032,43.084
2025,March,Simiyu,12.721,43.084
2025,March,Victoria Nile,,610.662
2025,May,Kagera,3.252,118.228
2025,May,Lake Victoria,17.434,148.211
2025,May,Simiyu,3.533,148.211
2025,May,Victoria Nile,,5023.69
2025,Nov.,Kagera,5.656,14.341
2025,Nov.,Lake Victoria,3.546,2.642
2025,Nov.,Simiyu,1.381,2.642
2025,Nov.,Victoria Nile,,451.571
2025,Oct.,Kagera,1.428,5.306
2025,Oct.,Lake Victoria,1.293,2.738
2025,Oct.,Simiyu,0.037,2.738
2025,Oct.,Victoria Nile,,304.576
2025,Sept.,Kagera,1.036,6.77
2025,Sept.,Lake Victoria,1.241,3.49
2025,Sept.,Simiyu,0.162,3.49
2025,Sept.,Victoria Nile,,355.117
