date,city,monsoon_intensity,climate_change,siltation,landslide_risks
2025-07-01,Kabale,0,6,1,6
2025-07-01,Kampala,1,2,0,0
2025-07-01,Kasese,0,11,0,6
2025-08-01,Kabale,0,5,1,7
2025-08-01,Kampala,1,1,0,0
2025-08-01,Kasese,0,10,1,6
2025-09-01,Kabale,0,6,1,9
2025-09-01,Kampala,0,0,0,0
2025-09-01,Kasese,0,10,1,7
2025-10-01,Kabale,0,5,1,9
2025-10-01,Kampala,0,1,0,0
2025-10-01,Kasese,0,11,1,7
2025-11-01,Kabale,3,8,3,9
2025-11-01,Kampala,5,1,0,0
2025-11-01,Kasese,0,8,2,8
2025-12-01,Kabale,3,10,4,7
2025-12-01,Kampala,4,2,0,0
2025-12-01,Kasese,0,7,2,8
2026-01-01,Kabale,0,10,2,6
2026-01-01,Kampala,2,3,0,0
2026-01-01,Kasese,0,9,1,7
2026-02-01,Kabale,0,6,1,6
2026-02-01,Kampala,0,3,0,0
2026-02-01,Kasese,0,13,0,6
2026-03-01,Kabale,0,5,1,7
2026-03-01,Kampala,4,0,0,0
2026-03-01,Kasese,0,12,1,7
2026-04-01,Kabale,3,7,2,8
2026-04-01,Kampala,6,0,0,0
2026-04-01,Kasese,0,10,2,9
2026-05-01,Kabale,3,6,3,7
2026-05-01,Kampala,6,1,0,0
2026-05-01,Kasese,2,10,4,9
2026-06-01,Kabale,0,6,1,6
2026-06-01,Kampala,4,1,0,0
2026-06-01,Kasese,0,10,2,7
2026-07-01,Kabale,1,5,1,6
2026-07-01,Kampala,1,2,0,0
2026-07-01,Kasese,0,11,0,6
2026-08-01,Kabale,1,5,1,7
2026-08-01,Kampala,0,1,0,0
2026-08-01,Kasese,0,10,1,6
2026-09-01,Kabale,0,5,1,9
2026-09-01,Kampala,1,0,0,0
2026-09-01,Kasese,0,10,1,7
2026-10-01,Kabale,0,5,1,9
2026-10-01,Kampala,0,0,0,0
2026-10-01,Kasese,0,11,1,8
2026-11-01,Kabale,4,8,4,9
2026-11-01,Kampala,6,1,0,0
2026-11-01,Kasese,0,8,2,8
2026-12-01,Kabale,3,10,5,7
2026-12-01,Kampala,4,2,0,0
2026-12-01,Kasese,0,7,2,8
2027-01-01,Kabale,0,10,2,6
2027-01-01,Kampala,2,3,0,0
2027-01-01,Kasese,0,9,1,7
2027-02-01,Kabale,0,6,1,6
2027-02-01,Kampala,0,3,0,0
2027-02-01,Kasese,0,13,0,6
2027-03-01,Kabale,1,5,1,7
2027-03-01,Kampala,4,0,0,0
2027-03-01,Kasese,0,12,1,7
2027-04-01,Kabale,4,7,2,8
2027-04-01,Kampala,5,0,0,0
2027-04-01,Kasese,0,10,2,9
2027-05-01,Kabale,3,6,2,8
2027-05-01,Kampala,6,1,0,0
2027-05-01,Kasese,2,10,3,9
2027-06-01,Kabale,1,6,1,6
2027-06-01,Kampala,4,1,0,0
2027-06-01,Kasese,0,10,1,7
2027-07-01,Kabale,1,5,1,6
2027-07-01,Kampala,1,2,0,0
2027-07-01,Kasese,0,11,0,6
2027-08-01,Kabale,1,5,1,7
2027-08-01,Kampala,1,1,0,0
2027-08-01,Kasese,0,10,1,6
2027-09-01,Kabale,0,5,1,9
2027-09-01,Kampala,1,0,0,0
2027-09-01,Kasese,0,10,1,7
2027-10-01,Kabale,0,5,1,9
2027-10-01,Kampala,0,0,0,0
2027-10-01,Kasese,0,11,1,8
2027-11-01,Kabale,4,8,4,9
2027-11-01,Kampala,6,1,0,0
2027-11-01,Kasese,0,8,2,9
2027-12-01,Kabale,4,10,4,8
2027-12-01,Kampala,4,2,0,0
2027-12-01,Kasese,0,8,2,8
2028-01-01,Kabale,1,10,2,6
2028-01-01,Kampala,2,3,0,0
2028-01-01,Kasese,0,9,1,7
2028-02-01,Kabale,0,6,1,6
2028-02-01,Kampala,1,3,0,0
2028-02-01,Kasese,0,13,0,6
2028-03-01,Kabale,1,5,1,8
2028-03-01,Kampala,4,0,0,0
2028-03-01,Kasese,0,12,1,8
2028-04-01,Kabale,4,6,2,9
2028-04-01,Kampala,6,0,0,0
2028-04-01,Kasese,0,10,2,9
2028-05-01,Kabale,3,6,2,8
2028-05-01,Kampala,7,0,0,0
2028-05-01,Kasese,2,10,3,9
2028-06-01,Kabale,1,6,1,6
2028-06-01,Kampala,5,1,0,0
2028-06-01,Kasese,0,10,1,7
2028-07-01,Kabale,1,5,1,6
2028-07-01,Kampala,2,2,0,0
2028-07-01,Kasese,0,11,0,6
2028-08-01,Kabale,1,5,1,7
2028-08-01,Kampala,1,1,0,0
2028-08-01,Kasese,0,10,1,6
2028-09-01,Kabale,1,5,1,9
2028-09-01,Kampala,1,0,0,0
2028-09-01,Kasese,0,11,1,7
2028-10-01,Kabale,0,5,1,10
2028-10-01,Kampala,0,0,0,0
2028-10-01,Kasese,0,11,1,8
2028-11-01,Kabale,5,8,3,10
2028-11-01,Kampala,6,1,0,0
2028-11-01,Kasese,0,8,2,9
2028-12-01,Kabale,4,10,4,8
2028-12-01,Kampala,5,2,0,0
2028-12-01,Kasese,0,8,2,8
2029-01-01,Kabale,1,10,2,6
2029-01-01,Kampala,3,3,0,0
2029-01-01,Kasese,0,9,1,7
2029-02-01,Kabale,0,6,1,6
2029-02-01,Kampala,1,3,0,0
2029-02-01,Kasese,0,13,0,6
2029-03-01,Kabale,1,5,1,8
2029-03-01,Kampala,4,0,0,0
2029-03-01,Kasese,0,12,1,8
2029-04-01,Kabale,4,6,2,9
2029-04-01,Kampala,6,0,0,0
2029-04-01,Kasese,0,10,2,9
2029-05-01,Kabale,4,6,2,8
2029-05-01,Kampala,7,0,0,0
2029-05-01,Kasese,2,10,3,9
2029-06-01,Kabale,1,6,1,7
2029-06-01,Kampala,5,1,0,0
2029-06-01,Kasese,0,10,1,7
2029-07-01,Kabale,2,5,0,7
2029-07-01,Kampala,2,2,0,0
2029-07-01,Kasese,0,11,0,6
2029-08-01,Kabale,2,5,0,8
2029-08-01,Kampala,2,1,0,0
2029-08-01,Kasese,0,10,0,7
2029-09-01,Kabale,1,5,1,9
2029-09-01,Kampala,2,0,0,0
2029-09-01,Kasese,0,11,0,7
2029-10-01,Kabale,1,5,1,10
2029-10-01,Kampala,1,0,0,0
2029-10-01,Kasese,0,11,1,8
2029-11-01,Kabale,5,8,3,10
2029-11-01,Kampala,7,1,0,0
2029-11-01,Kasese,0,8,2,9
2029-12-01,Kabale,4,10,4,8
2029-12-01,Kampala,5,2,0,0
2029-12-01,Kasese,0,8,2,8
2030-01-01,Kabale,1,10,2,6
2030-01-01,Kampala,3,2,0,0
2030-01-01,Kasese,0,9,1,7
2030-02-01,Kabale,0,6,1,7
2030-02-01,Kampala,1,2,0,0
2030-02-01,Kasese,0,13,0,6
2030-03-01,Kabale,2,5,1,8
2030-03-01,Kampala,5,0,0,0
2030-03-01,Kasese,0,12,1,8
2030-04-01,Kabale,5,6,2,9
2030-04-01,Kampala,6,0,0,0
2030-04-01,Kasese,0,10,1,9
2030-05-01,Kabale,4,6,2,8
2030-05-01,Kampala,7,0,0,0
2030-05-01,Kasese,2,10,3,9
2030-06-01,Kabale,2,6,1,7
2030-06-01,Kampala,5,1,0,0
2030-06-01,Kasese,0,10,1,7
2030-07-01,Kabale,2,5,0,7
2030-07-01,Kampala,2,2,0,0
2030-07-01,Kasese,0,11,0,7
2030-08-01,Kabale,2,5,0,8
2030-08-01,Kampala,2,1,0,0
2030-08-01,Kasese,0,11,0,7
2030-09-01,Kabale,1,5,0,10
2030-09-01,Kampala,2,0,0,0
2030-09-01,Kasese,0,11,0,8
2030-10-01,Kabale,1,5,1,10
2030-10-01,Kampala,1,0,0,0
2030-10-01,Kasese,0,11,1,8
2030-11-01,Kabale,5,8,3,10
2030-11-01,Kampala,7,0,0,0
2030-11-01,Kasese,0,8,2,9
2030-12-01,Kabale,5,10,4,8
2030-12-01,Kampala,5,2,0,0
2030-12-01,Kasese,0,8,2,9
2031-01-01,Kabale,2,9,1,7
2031-01-01,Kampala,3,2,0,0
2031-01-01,Kasese,0,9,1,7
2031-02-01,Kabale,0,6,1,7
2031-02-01,Kampala,1,2,0,0
2031-02-01,Kasese,0,13,0,7
2031-03-01,Kabale,2,5,1,8
2031-03-01,Kampala,5,0,0,0
2031-03-01,Kasese,0,12,1,8
2031-04-01,Kabale,5,6,2,9
2031-04-01,Kampala,6,0,0,0
2031-04-01,Kasese,0,10,1,9
2031-05-01,Kabale,4,6,2,8
2031-05-01,Kampala,7,0,0,0
2031-05-01,Kasese,2,10,3,9
2031-06-01,Kabale,2,6,1,7
2031-06-01,Kampala,6,1,0,0
2031-06-01,Kasese,0,10,1,8
2031-07-01,Kabale,2,4,0,7
2031-07-01,Kampala,3,1,0,0
2031-07-01,Kasese,0,11,0,7
2031-08-01,Kabale,3,5,0,8
2031-08-01,Kampala,2,1,0,0
2031-08-01,Kasese,0,11,0,7
2031-09-01,Kabale,2,5,0,10
2031-09-01,Kampala,2,0,0,0
2031-09-01,Kasese,0,11,0,8
2031-10-01,Kabale,1,5,1,10
2031-10-01,Kampala,1,0,0,0
2031-10-01,Kasese,0,11,1,8
2031-11-01,Kabale,6,7,3,10
2031-11-01,Kampala,7,0,0,0
2031-11-01,Kasese,0,8,2,9
2031-12-01,Kabale,5,9,4,8
2031-12-01,Kampala,5,2,0,0
2031-12-01,Kasese,0,8,2,9
2032-01-01,Kabale,2,9,1,7
2032-01-01,Kampala,4,2,0,0
2032-01-01,Kasese,0,9,1,7
2032-02-01,Kabale,1,6,1,7
2032-02-01,Kampala,2,2,0,0
2032-02-01,Kasese,0,13,0,7
2032-03-01,Kabale,2,5,1,8
2032-03-01,Kampala,5,0,0,0
2032-03-01,Kasese,0,12,1,8
2032-04-01,Kabale,5,6,2,9
2032-04-01,Kampala,7,0,0,0
2032-04-01,Kasese,0,10,1,9
2032-05-01,Kabale,5,6,2,9
2032-05-01,Kampala,8,0,0,0
2032-05-01,Kasese,2,10,3,9
2032-06-01,Kabale,3,5,1,7
2032-06-01,Kampala,6,1,0,0
2032-06-01,Kasese,0,11,1,8
2032-07-01,Kabale,3,4,0,7
2032-07-01,Kampala,3,1,0,0
2032-07-01,Kasese,0,11,0,7
2032-08-01,Kabale,3,5,0,8
2032-08-01,Kampala,2,0,0,0
2032-08-01,Kasese,0,11,0,7
2032-09-01,Kabale,2,5,0,10
2032-09-01,Kampala,3,0,0,0
2032-09-01,Kasese,0,11,0,8
2032-10-01,Kabale,2,5,1,10
2032-10-01,Kampala,2,0,0,0
2032-10-01,Kasese,0,11,1,8
2032-11-01,Kabale,6,7,3,10
2032-11-01,Kampala,8,0,0,0
2032-11-01,Kasese,0,8,2,9
2032-12-01,Kabale,5,9,4,9
2032-12-01,Kampala,6,2,0,0
2032-12-01,Kasese,0,8,2,9
2033-01-01,Kabale,2,9,1,7
2033-01-01,Kampala,4,2,0,0
2033-01-01,Kasese,0,9,1,7
2033-02-01,Kabale,1,6,0,7
2033-02-01,Kampala,2,2,0,0
2033-02-01,Kasese,0,13,0,7
2033-03-01,Kabale,3,5,0,9
2033-03-01,Kampala,6,0,0,0
2033-03-01,Kasese,0,12,1,8
2033-04-01,Kabale,6,6,1,10
2033-04-01,Kampala,7,0,0,0
2033-04-01,Kasese,0,10,1,10
2033-05-01,Kabale,5,6,2,9
2033-05-01,Kampala,8,0,0,0
2033-05-01,Kasese,2,10,3,9
2033-06-01,Kabale,3,5,1,7
2033-06-01,Kampala,6,1,0,0
2033-06-01,Kasese,0,11,1,8
2033-07-01,Kabale,3,4,0,7
2033-07-01,Kampala,3,1,0,0
2033-07-01,Kasese,0,11,0,7
2033-08-01,Kabale,3,4,0,8
2033-08-01,Kampala,3,0,0,0
2033-08-01,Kasese,0,11,0,7
2033-09-01,Kabale,2,5,0,10
2033-09-01,Kampala,3,0,0,0
2033-09-01,Kasese,0,11,0,8
2033-10-01,Kabale,2,5,1,11
2033-10-01,Kampala,2,0,0,0
2033-10-01,Kasese,0,11,1,8
2033-11-01,Kabale,7,7,3,11
2033-11-01,Kampala,8,0,0,0
2033-11-01,Kasese,0,8,2,9
2033-12-01,Kabale,6,9,4,9
2033-12-01,Kampala,6,2,0,0
2033-12-01,Kasese,0,8,2,9
2034-01-01,Kabale,3,9,1,7
2034-01-01,Kampala,4,2,0,0
2034-01-01,Kasese,0,9,1,8
2034-02-01,Kabale,1,6,0,7
2034-02-01,Kampala,2,2,0,0
2034-02-01,Kasese,0,13,0,7
2034-03-01,Kabale,3,5,0,9
2034-03-01,Kampala,6,0,0,0
2034-03-01,Kasese,0,12,1,8
2034-04-01,Kabale,6,6,1,10
2034-04-01,Kampala,7,0,0,0
2034-04-01,Kasese,0,10,1,10
2034-05-01,Kabale,6,6,2,9
2034-05-01,Kampala,8,0,0,0
2034-05-01,Kasese,2,10,3,10
2034-06-01,Kabale,3,5,1,8
2034-06-01,Kampala,7,1,0,0
2034-06-01,Kasese,0,11,1,8
2034-07-01,Kabale,3,4,0,8
2034-07-01,Kampala,4,1,0,0
2034-07-01,Kasese,0,11,0,7
2034-08-01,Kabale,4,4,0,9
2034-08-01,Kampala,3,0,0,0
2034-08-01,Kasese,0,11,0,7
2034-09-01,Kabale,3,5,0,10
2034-09-01,Kampala,3,0,0,0
2034-09-01,Kasese,0,11,0,8
2034-10-01,Kabale,2,5,1,11
2034-10-01,Kampala,2,0,0,0
2034-10-01,Kasese,0,11,0,9
2034-11-01,Kabale,7,7,3,11
2034-11-01,Kampala,8,0,0,0
2034-11-01,Kasese,0,8,2,10
2034-12-01,Kabale,6,9,4,9
2034-12-01,Kampala,6,1,0,0
2034-12-01,Kasese,0,8,2,9
2035-01-01,Kabale,3,9,1,7
2035-01-01,Kampala,4,2,0,0
2035-01-01,Kasese,0,9,1,8
2035-02-01,Kabale,2,6,0,8
2035-02-01,Kampala,3,2,0,0
2035-02-01,Kasese,0,13,0,7
2035-03-01,Kabale,4,4,0,9
2035-03-01,Kampala,6,0,0,0
2035-03-01,Kasese,0,12,1,9
2035-04-01,Kabale,6,6,1,10
2035-04-01,Kampala,8,0,0,0
2035-04-01,Kasese,0,10,1,10
2035-05-01,Kabale,6,6,2,9
2035-05-01,Kampala,9,0,0,0
2035-05-01,Kasese,1,10,3,10
2035-06-01,Kabale,4,5,0,8
2035-06-01,Kampala,7,0,0,0
2035-06-01,Kasese,0,11,1,8
2035-07-01,Kabale,4,4,0,8
2035-07-01,Kampala,4,1,0,0
2035-07-01,Kasese,0,11,0,7
2035-08-01,Kabale,4,4,0,9
2035-08-01,Kampala,3,0,0,0
2035-08-01,Kasese,0,11,0,7
2035-09-01,Kabale,3,5,0,11
2035-09-01,Kampala,4,0,0,0
2035-09-01,Kasese,0,11,0,8
2035-10-01,Kabale,3,5,0,11
2035-10-01,Kampala,2,0,0,0
2035-10-01,Kasese,0,11,0,9
2035-11-01,Kabale,7,7,3,11
2035-11-01,Kampala,8,0,0,0
2035-11-01,Kasese,0,8,1,10
2035-12-01,Kabale,7,9,4,9
2035-12-01,Kampala,7,1,0,0
2035-12-01,Kasese,0,8,2,9
2036-01-01,Kabale,3,9,1,8
2036-01-01,Kampala,5,2,0,0
2036-01-01,Kasese,0,9,1,8
2036-02-01,Kabale,2,6,0,8
2036-02-01,Kampala,3,2,0,0
2036-02-01,Kasese,0,13,0,7
2036-03-01,Kabale,4,4,0,9
2036-03-01,Kampala,7,0,0,0
2036-03-01,Kasese,0,12,1,9
2036-04-01,Kabale,7,6,1,10
2036-04-01,Kampala,8,0,0,0
2036-04-01,Kasese,0,10,1,10
2036-05-01,Kabale,6,6,2,9
2036-05-01,Kampala,9,0,0,0
2036-05-01,Kasese,1,10,3,10
2036-06-01,Kabale,4,5,0,8
2036-06-01,Kampala,7,0,0,0
2036-06-01,Kasese,0,11,1,8
2036-07-01,Kabale,4,4,0,8
2036-07-01,Kampala,4,1,0,0
2036-07-01,Kasese,0,11,0,7
2036-08-01,Kabale,4,4,0,9
2036-08-01,Kampala,4,0,0,0
2036-08-01,Kasese,0,11,0,8
2036-09-01,Kabale,4,5,0,11
2036-09-01,Kampala,4,0,0,0
2036-09-01,Kasese,0,11,0,8
2036-10-01,Kabale,3,4,0,11
2036-10-01,Kampala,3,0,0,0
2036-10-01,Kasese,0,11,0,9
2036-11-01,Kabale,8,7,3,11
2036-11-01,Kampala,9,0,0,0
2036-11-01,Kasese,0,8,1,10
2036-12-01,Kabale,7,9,3,9
2036-12-01,Kampala,7,1,0,0
2036-12-01,Kasese,0,8,2,9
2037-01-01,Kabale,4,9,1,8
2037-01-01,Kampala,5,2,0,0
2037-01-01,Kasese,0,9,0,8
2037-02-01,Kabale,2,5,0,8
2037-02-01,Kampala,3,2,0,0
2037-02-01,Kasese,0,13,0,7
2037-03-01,Kabale,4,4,0,9
2037-03-01,Kampala,7,0,0,0
2037-03-01,Kasese,0,12,1,9
2037-04-01,Kabale,7,6,1,10
2037-04-01,Kampala,8,0,0,0
2037-04-01,Kasese,0,10,1,10
2037-05-01,Kabale,7,6,1,10
2037-05-01,Kampala,9,0,0,0
2037-05-01,Kasese,1,10,3,10
2037-06-01,Kabale,4,5,0,8
2037-06-01,Kampala,7,0,0,0
2037-06-01,Kasese,0,11,1,8
2037-07-01,Kabale,4,4,0,8
2037-07-01,Kampala,5,1,0,0
2037-07-01,Kasese,0,11,0,7
2037-08-01,Kabale,5,4,0,9
2037-08-01,Kampala,4,0,0,0
2037-08-01,Kasese,0,11,0,8
2037-09-01,Kabale,4,5,0,11
2037-09-01,Kampala,4,0,0,0
2037-09-01,Kasese,0,11,0,8
2037-10-01,Kabale,4,4,0,11
2037-10-01,Kampala,3,0,0,0
2037-10-01,Kasese,0,11,0,9
2037-11-01,Kabale,8,7,3,11
2037-11-01,Kampala,9,0,0,0
2037-11-01,Kasese,0,8,1,10
2037-12-01,Kabale,7,9,3,10
2037-12-01,Kampala,7,1,0,0
2037-12-01,Kasese,0,8,2,9
2038-01-01,Kabale,4,9,1,8
2038-01-01,Kampala,5,2,0,0
2038-01-01,Kasese,0,9,0,8
2038-02-01,Kabale,3,5,0,8
2038-02-01,Kampala,4,2,0,0
2038-02-01,Kasese,0,13,0,7
2038-03-01,Kabale,5,4,0,10
2038-03-01,Kampala,7,0,0,0
2038-03-01,Kasese,0,12,0,9
2038-04-01,Kabale,7,6,1,11
2038-04-01,Kampala,9,0,0,0
2038-04-01,Kasese,0,10,1,10
2038-05-01,Kabale,7,6,1,10
2038-05-01,Kampala,10,0,0,0
2038-05-01,Kasese,1,10,3,10
2038-06-01,Kabale,5,5,0,8
2038-06-01,Kampala,8,0,0,0
2038-06-01,Kasese,0,11,1,8
2038-07-01,Kabale,5,4,0,8
2038-07-01,Kampala,5,1,0,0
2038-07-01,Kasese,0,11,0,8
2038-08-01,Kabale,5,4,0,9
2038-08-01,Kampala,4,0,0,0
2038-08-01,Kasese,0,11,0,8
2038-09-01,Kabale,4,4,0,11
2038-09-01,Kampala,4,0,0,0
2038-09-01,Kasese,0,11,0,9
2038-10-01,Kabale,4,4,0,11
2038-10-01,Kampala,3,0,0,0
2038-10-01,Kasese,0,11,0,9
2038-11-01,Kabale,8,7,2,12
2038-11-01,Kampala,9,0,0,0
2038-11-01,Kasese,0,8,1,10
2038-12-01,Kabale,8,9,3,10
2038-12-01,Kampala,8,1,0,0
2038-12-01,Kasese,0,8,2,10
2039-01-01,Kabale,4,9,1,8
2039-01-01,Kampala,6,2,0,0
2039-01-01,Kasese,0,9,0,8
2039-02-01,Kabale,3,5,0,8
2039-02-01,Kampala,4,2,0,0
2039-02-01,Kasese,0,13,0,8
2039-03-01,Kabale,5,4,0,10
2039-03-01,Kampala,8,0,0,0
2039-03-01,Kasese,0,13,0,9
2039-04-01,Kabale,8,6,1,11
2039-04-01,Kampala,9,0,0,0
2039-04-01,Kasese,0,10,1,10
2039-05-01,Kabale,7,5,1,10
2039-05-01,Kampala,10,0,0,0
2039-05-01,Kasese,1,10,3,10
2039-06-01,Kabale,5,5,0,9
2039-06-01,Kampala,8,0,0,0
2039-06-01,Kasese,0,11,1,9
2039-07-01,Kabale,5,4,0,9
2039-07-01,Kampala,5,1,0,0
2039-07-01,Kasese,0,11,0,8
2039-08-01,Kabale,5,4,0,10
2039-08-01,Kampala,5,0,0,0
2039-08-01,Kasese,0,11,0,8
2039-09-01,Kabale,5,4,0,11
2039-09-01,Kampala,5,0,0,0
2039-09-01,Kasese,0,11,0,9
2039-10-01,Kabale,4,4,0,12
2039-10-01,Kampala,4,0,0,0
2039-10-01,Kasese,0,11,0,9
2039-11-01,Kabale,9,7,2,12
2039-11-01,Kampala,10,0,0,0
2039-11-01,Kasese,0,8,1,10
2039-12-01,Kabale,8,9,3,10
2039-12-01,Kampala,8,1,0,0
2039-12-01,Kasese,0,8,2,10
2040-01-01,Kabale,5,9,1,8
2040-01-01,Kampala,6,2,0,0
2040-01-01,Kasese,0,10,0,8
2040-02-01,Kabale,3,5,0,9
2040-02-01,Kampala,4,2,0,0
2040-02-01,Kasese,0,13,0,8
2040-03-01,Kabale,5,4,0,10
2040-03-01,Kampala,8,0,0,0
2040-03-01,Kasese,0,13,0,9
2040-04-01,Kabale,8,6,1,11
2040-04-01,Kampala,9,0,0,0
2040-04-01,Kasese,0,10,1,10
2040-05-01,Kabale,8,5,1,10
2040-05-01,Kampala,10,0,0,0
2040-05-01,Kasese,1,10,2,10
2040-06-01,Kabale,5,5,0,9
2040-06-01,Kampala,8,0,0,0
2040-06-01,Kasese,0,11,1,9
2040-07-01,Kabale,6,4,0,9
2040-07-01,Kampala,5,1,0,0
2040-07-01,Kasese,0,11,0,8
2040-08-01,Kabale,6,4,0,10
2040-08-01,Kampala,5,0,0,0
2040-08-01,Kasese,0,11,0,8
2040-09-01,Kabale,5,4,0,12
2040-09-01,Kampala,5,0,0,0
2040-09-01,Kasese,0,11,0,9
2040-10-01,Kabale,5,4,0,12
2040-10-01,Kampala,4,0,0,0
2040-10-01,Kasese,0,11,0,9
2040-11-01,Kabale,9,7,2,12
2040-11-01,Kampala,10,0,0,0
2040-11-01,Kasese,0,8,1,10
2040-12-01,Kabale,8,9,3,10
2040-12-01,Kampala,8,1,0,0
2040-12-01,Kasese,0,8,2,10
2041-01-01,Kabale,5,9,0,9
2041-01-01,Kampala,6,1,0,0
2041-01-01,Kasese,0,10,0,8
2041-02-01,Kabale,4,5,0,9
2041-02-01,Kampala,5,1,0,0
2041-02-01,Kasese,0,13,0,8
2041-03-01,Kabale,6,4,0,10
2041-03-01,Kampala,8,0,0,0
2041-03-01,Kasese,0,13,0,9
2041-04-01,Kabale,9,6,1,11
2041-04-01,Kampala,9,0,0,0
2041-04-01,Kasese,0,10,1,11
2041-05-01,Kabale,8,5,1,10
2041-05-01,Kampala,11,0,0,0
2041-05-01,Kasese,1,10,2,10
2041-06-01,Kabale,6,5,0,9
2041-06-01,Kampala,9,0,0,0
2041-06-01,Kasese,0,11,1,9
2041-07-01,Kabale,6,4,0,9
2041-07-01,Kampala,6,0,0,0
2041-07-01,Kasese,0,11,0,8
2041-08-01,Kabale,6,4,0,10
2041-08-01,Kampala,5,0,0,0
2041-08-01,Kasese,0,11,0,8
2041-09-01,Kabale,5,4,0,12
2041-09-01,Kampala,5,0,0,0
2041-09-01,Kasese,0,11,0,9
2041-10-01,Kabale,5,4,0,12
2041-10-01,Kampala,4,0,0,0
2041-10-01,Kasese,0,11,0,9
2041-11-01,Kabale,9,7,2,12
2041-11-01,Kampala,10,0,0,0
2041-11-01,Kasese,0,8,1,10
2041-12-01,Kabale,9,9,3,10
2041-12-01,Kampala,9,1,0,0
2041-12-01,Kasese,0,8,1,10
2042-01-01,Kabale,6,9,0,9
2042-01-01,Kampala,7,1,0,0
2042-01-01,Kasese,0,10,0,9
2042-02-01,Kabale,4,5,0,9
2042-02-01,Kampala,5,1,0,0
2042-02-01,Kasese,0,13,0,8
2042-03-01,Kabale,6,4,0,10
2042-03-01,Kampala,8,0,0,0
2042-03-01,Kasese,0,13,0,9
2042-04-01,Kabale,9,6,1,11
2042-04-01,Kampala,10,0,0,0
2042-04-01,Kasese,0,10,1,11
2042-05-01,Kabale,8,5,1,11
2042-05-01,Kampala,11,0,0,0
2042-05-01,Kasese,1,10,2,11
2042-06-01,Kabale,6,5,0,9
2042-06-01,Kampala,9,0,0,0
2042-06-01,Kasese,0,11,0,9
2042-07-01,Kabale,6,4,0,9
2042-07-01,Kampala,6,0,0,0
2042-07-01,Kasese,0,11,0,8
2042-08-01,Kabale,6,4,0,10
2042-08-01,Kampala,6,0,0,0
2042-08-01,Kasese,0,11,0,8
2042-09-01,Kabale,6,4,0,12
2042-09-01,Kampala,6,0,0,0
2042-09-01,Kasese,0,11,0,9
2042-10-01,Kabale,5,4,0,12
2042-10-01,Kampala,5,0,0,0
2042-10-01,Kasese,0,11,0,10
2042-11-01,Kabale,10,7,2,12
2042-11-01,Kampala,11,0,0,0
2042-11-01,Kasese,0,8,1,11
2042-12-01,Kabale,9,9,3,11
2042-12-01,Kampala,9,1,0,0
2042-12-01,Kasese,0,8,1,10
2043-01-01,Kabale,6,9,0,9
2043-01-01,Kampala,7,1,0,0
2043-01-01,Kasese,0,10,0,9
2043-02-01,Kabale,5,5,0,9
2043-02-01,Kampala,5,1,0,0
2043-02-01,Kasese,0,13,0,8
2043-03-01,Kabale,6,4,0,11
2043-03-01,Kampala,9,0,0,0
2043-03-01,Kasese,0,13,0,10
2043-04-01,Kabale,9,5,0,12
2043-04-01,Kampala,10,0,0,0
2043-04-01,Kasese,0,10,1,11
2043-05-01,Kabale,9,5,1,11
2043-05-01,Kampala,11,0,0,0
2043-05-01,Kasese,1,11,2,11
2043-06-01,Kabale,7,5,0,9
2043-06-01,Kampala,9,0,0,0
2043-06-01,Kasese,0,11,0,9
2043-07-01,Kabale,7,4,0,9
2043-07-01,Kampala,6,0,0,0
2043-07-01,Kasese,0,11,0,8
2043-08-01,Kabale,7,4,0,10
2043-08-01,Kampala,6,0,0,0
2043-08-01,Kasese,0,11,0,8
2043-09-01,Kabale,6,4,0,12
2043-09-01,Kampala,6,0,0,0
2043-09-01,Kasese,0,11,0,9
2043-10-01,Kabale,6,4,0,12
2043-10-01,Kampala,5,0,0,0
2043-10-01,Kasese,0,11,0,10
2043-11-01,Kabale,10,7,2,13
2043-11-01,Kampala,11,0,0,0
2043-11-01,Kasese,0,8,1,11
2043-12-01,Kabale,9,9,3,11
2043-12-01,Kampala,9,1,0,0
2043-12-01,Kasese,0,8,1,10
2044-01-01,Kabale,6,9,0,9
2044-01-01,Kampala,7,1,0,0
2044-01-01,Kasese,0,10,0,9
2044-02-01,Kabale,5,5,0,9
2044-02-01,Kampala,5,1,0,0
2044-02-01,Kasese,0,13,0,8
2044-03-01,Kabale,7,4,0,11
2044-03-01,Kampala,9,0,0,0
2044-03-01,Kasese,0,13,0,10
2044-04-01,Kabale,10,5,0,12
2044-04-01,Kampala,10,0,0,0
2044-04-01,Kasese,0,10,1,11
2044-05-01,Kabale,9,5,1,11
2044-05-01,Kampala,11,0,0,0
2044-05-01,Kasese,1,11,2,11
2044-06-01,Kabale,7,5,0,10
2044-06-01,Kampala,10,0,0,0
2044-06-01,Kasese,0,11,0,9
2044-07-01,Kabale,7,4,0,10
2044-07-01,Kampala,7,0,0,0
2044-07-01,Kasese,0,11,0,8
2044-08-01,Kabale,7,4,0,11
2044-08-01,Kampala,6,0,0,0
2044-08-01,Kasese,0,11,0,9
2044-09-01,Kabale,6,4,0,12
2044-09-01,Kampala,6,0,0,0
2044-09-01,Kasese,0,11,0,9
2044-10-01,Kabale,6,4,0,13
2044-10-01,Kampala,5,0,0,0
2044-10-01,Kasese,0,11,0,10
2044-11-01,Kabale,10,7,2,13
2044-11-01,Kampala,11,0,0,0
2044-11-01,Kasese,0,8,1,11
2044-12-01,Kabale,10,9,3,11
2044-12-01,Kampala,9,1,0,0
2044-12-01,Kasese,0,8,1,10
2045-01-01,Kabale,7,8,0,9
2045-01-01,Kampala,8,1,0,0
2045-01-01,Kasese,0,10,0,9
2045-02-01,Kabale,5,5,0,10
2045-02-01,Kampala,6,1,0,0
2045-02-01,Kasese,0,13,0,8
2045-03-01,Kabale,7,4,0,11
2045-03-01,Kampala,9,0,0,0
2045-03-01,Kasese,0,13,0,10
2045-04-01,Kabale,10,5,0,12
2045-04-01,Kampala,11,0,0,0
2045-04-01,Kasese,0,10,0,11
2045-05-01,Kabale,9,5,1,11
2045-05-01,Kampala,12,0,0,0
2045-05-01,Kasese,1,11,2,11
2045-06-01,Kabale,7,5,0,10
2045-06-01,Kampala,10,0,0,0
2045-06-01,Kasese,0,11,0,9
2045-07-01,Kabale,7,3,0,10
2045-07-01,Kampala,7,0,0,0
2045-07-01,Kasese,0,12,0,9
2045-08-01,Kabale,8,4,0,11
2045-08-01,Kampala,6,0,0,0
2045-08-01,Kasese,0,11,0,9
2045-09-01,Kabale,7,4,0,13
2045-09-01,Kampala,7,0,0,0
2045-09-01,Kasese,0,11,0,9
2045-10-01,Kabale,6,4,0,13
2045-10-01,Kampala,6,0,0,0
2045-10-01,Kasese,0,11,0,10
2045-11-01,Kabale,11,6,2,13
2045-11-01,Kampala,12,0,0,0
2045-11-01,Kasese,0,8,1,11
2045-12-01,Kabale,10,8,3,11
2045-12-01,Kampala,10,0,0,0
2045-12-01,Kasese,0,8,1,10
2046-01-01,Kabale,7,8,0,10
2046-01-01,Kampala,8,1,0,0
2046-01-01,Kasese,0,10,0,9
2046-02-01,Kabale,6,5,0,10
2046-02-01,Kampala,6,1,0,0
2046-02-01,Kasese,0,13,0,9
2046-03-01,Kabale,7,4,0,11
2046-03-01,Kampala,10,0,0,0
2046-03-01,Kasese,0,13,0,10
2046-04-01,Kabale,10,5,0,12
2046-04-01,Kampala,11,0,0,0
2046-04-01,Kasese,0,11,0,11
2046-05-01,Kabale,10,5,1,11
2046-05-01,Kampala,12,0,0,0
2046-05-01,Kasese,1,11,2,11
2046-06-01,Kabale,8,5,0,10
2046-06-01,Kampala,10,0,0,0
2046-06-01,Kasese,0,11,0,9
2046-07-01,Kabale,8,3,0,10
2046-07-01,Kampala,7,0,0,0
2046-07-01,Kasese,0,12,0,9
2046-08-01,Kabale,8,4,0,11
2046-08-01,Kampala,7,0,0,0
2046-08-01,Kasese,0,11,0,9
2046-09-01,Kabale,7,4,0,13
2046-09-01,Kampala,7,0,0,0
2046-09-01,Kasese,0,11,0,10
2046-10-01,Kabale,7,4,0,13
2046-10-01,Kampala,6,0,0,0
2046-10-01,Kasese,0,11,0,10
2046-11-01,Kabale,11,6,2,13
2046-11-01,Kampala,12,0,0,0
2046-11-01,Kasese,0,8,1,11
2046-12-01,Kabale,11,8,2,11
2046-12-01,Kampala,10,0,0,0
2046-12-01,Kasese,0,8,1,11
2047-01-01,Kabale,7,8,0,10
2047-01-01,Kampala,8,1,0,0
2047-01-01,Kasese,0,10,0,9
2047-02-01,Kabale,6,5,0,10
2047-02-01,Kampala,6,1,0,0
2047-02-01,Kasese,0,14,0,9
2047-03-01,Kabale,8,4,0,11
2047-03-01,Kampala,10,0,0,0
2047-03-01,Kasese,0,13,0,10
2047-04-01,Kabale,11,5,0,12
2047-04-01,Kampala,11,0,0,0
2047-04-01,Kasese,0,11,0,11
2047-05-01,Kabale,10,5,0,12
2047-05-01,Kampala,12,0,0,0
2047-05-01,Kasese,1,11,2,11
2047-06-01,Kabale,8,4,0,10
2047-06-01,Kampala,11,0,0,0
2047-06-01,Kasese,0,11,0,10
2047-07-01,Kabale,8,3,0,10
2047-07-01,Kampala,8,0,0,0
2047-07-01,Kasese,0,12,0,9
2047-08-01,Kabale,8,3,0,11
2047-08-01,Kampala,7,0,0,0
2047-08-01,Kasese,0,11,0,9
2047-09-01,Kabale,7,4,0,13
2047-09-01,Kampala,7,0,0,0
2047-09-01,Kasese,0,11,0,10
2047-10-01,Kabale,7,4,0,13
2047-10-01,Kampala,6,0,0,0
2047-10-01,Kasese,0,11,0,10
2047-11-01,Kabale,12,6,2,13
2047-11-01,Kampala,12,0,0,0
2047-11-01,Kasese,0,8,1,11
2047-12-01,Kabale,11,8,2,12
2047-12-01,Kampala,10,0,0,0
2047-12-01,Kasese,0,8,1,11
2048-01-01,Kabale,8,8,0,10
2048-01-01,Kampala,8,1,0,0
2048-01-01,Kasese,0,10,0,9
2048-02-01,Kabale,6,5,0,10
2048-02-01,Kampala,7,1,0,0
2048-02-01,Kasese,0,14,0,9
2048-03-01,Kabale,8,4,0,12
2048-03-01,Kampala,10,0,0,0
2048-03-01,Kasese,0,13,0,10
2048-04-01,Kabale,11,5,0,12
2048-04-01,Kampala,12,0,0,0
2048-04-01,Kasese,0,11,0,12
2048-05-01,Kabale,11,5,0,12
2048-05-01,Kampala,13,0,0,0
2048-05-01,Kasese,1,11,2,11
2048-06-01,Kabale,8,4,0,10
2048-06-01,Kampala,11,0,0,0
2048-06-01,Kasese,0,11,0,10
2048-07-01,Kabale,8,3,0,10
2048-07-01,Kampala,8,0,0,0
2048-07-01,Kasese,0,12,0,9
2048-08-01,Kabale,9,3,0,11
2048-08-01,Kampala,7,0,0,0
2048-08-01,Kasese,0,11,0,9
2048-09-01,Kabale,8,4,0,13
2048-09-01,Kampala,8,0,0,0
2048-09-01,Kasese,0,11,0,10
2048-10-01,Kabale,7,4,0,13
2048-10-01,Kampala,6,0,0,0
2048-10-01,Kasese,0,11,0,10
2048-11-01,Kabale,12,6,1,14
2048-11-01,Kampala,12,0,0,0
2048-11-01,Kasese,0,9,1,11
2048-12-01,Kabale,11,8,2,12
2048-12-01,Kampala,11,0,0,0
2048-12-01,Kasese,0,8,1,11
2049-01-01,Kabale,8,8,0,10
2049-01-01,Kampala,9,1,0,0
2049-01-01,Kasese,0,10,0,9
2049-02-01,Kabale,7,5,0,10
2049-02-01,Kampala,7,1,0,0
2049-02-01,Kasese,0,14,0,9
2049-03-01,Kabale,9,3,0,12
2049-03-01,Kampala,11,0,0,0
2049-03-01,Kasese,0,13,0,10
2049-04-01,Kabale,11,5,0,13
2049-04-01,Kampala,12,0,0,0
2049-04-01,Kasese,0,11,0,12
2049-05-01,Kabale,11,5,0,12
2049-05-01,Kampala,13,0,0,0
2049-05-01,Kasese,1,11,2,11
2049-06-01,Kabale,9,4,0,11
2049-06-01,Kampala,11,0,0,0
2049-06-01,Kasese,0,11,0,10
2049-07-01,Kabale,9,3,0,11
2049-07-01,Kampala,8,0,0,0
2049-07-01,Kasese,0,12,0,9
2049-08-01,Kabale,9,3,0,12
2049-08-01,Kampala,8,0,0,0
2049-08-01,Kasese,0,11,0,9
2049-09-01,Kabale,8,4,0,13
2049-09-01,Kampala,8,0,0,0
2049-09-01,Kasese,0,11,0,10
2049-10-01,Kabale,8,4,0,14
2049-10-01,Kampala,7,0,0,0
2049-10-01,Kasese,0,12,0,11
2049-11-01,Kabale,12,6,1,14
2049-11-01,Kampala,13,0,0,0
2049-11-01,Kasese,0,9,1,11
2049-12-01,Kabale,12,8,2,12
2049-12-01,Kampala,11,0,0,0
2049-12-01,Kasese,0,8,1,11
2050-01-01,Kabale,8,8,0,10
2050-01-01,Kampala,9,1,0,0
2050-01-01,Kasese,0,10,0,10
2050-02-01,Kabale,7,5,0,11
2050-02-01,Kampala,7,1,0,0
2050-02-01,Kasese,0,14,0,9
2050-03-01,Kabale,9,3,0,12
2050-03-01,Kampala,11,0,0,0
2050-03-01,Kasese,0,13,0,10
2050-04-01,Kabale,12,5,0,13
2050-04-01,Kampala,12,0,0,0
2050-04-01,Kasese,0,11,0,12
2050-05-01,Kabale,11,5,0,12
2050-05-01,Kampala,13,0,0,0
2050-05-01,Kasese,1,11,2,12
2050-06-01,Kabale,9,4,0,11
2050-06-01,Kampala,11,0,0,0
2050-06-01,Kasese,0,11,0,10
2050-07-01,Kabale,9,3,0,11
2050-07-01,Kampala,9,0,0,0
2050-07-01,Kasese,0,12,0,9
2050-08-01,Kabale,9,3,0,12
2050-08-01,Kampala,8,0,0,0
2050-08-01,Kasese,0,11,0,9
2050-09-01,Kabale,9,4,0,14
2050-09-01,Kampala,8,0,0,0
2050-09-01,Kasese,0,11,0,10
2050-10-01,Kabale,8,3,0,14
2050-10-01,Kampala,7,0,0,0
2050-10-01,Kasese,0,12,0,11
2050-11-01,Kabale,13,6,1,14
2050-11-01,Kampala,13,0,0,0
2050-11-01,Kasese,0,9,0,12
2050-12-01,Kabale,12,8,2,12
2050-12-01,Kampala,11,0,0,0
2050-12-01,Kasese,0,8,1,11
